"idx","capture_year","severity","host","area_ha","lon","lat","lidar_tiles","lidar_years","min_offset","region"
1,2013,"L","B",7.4,-121.5587,49.1419,1,"2016",3,"Mainland interior"
2,2013,"L","B",16.6,-121.5304,49.1517,0,"",NA,"Mainland interior"
3,2007,"M","",24,-125.536,50.5667,0,"",NA,"Vancouver Island and coast"
4,2007,"M","",10,-125.0041,50.2294,0,"",NA,"Vancouver Island and coast"
5,2012,"T","B",8.7,-123.1548,49.399,0,"",NA,"Mainland interior"
6,2012,"L","B",19.3,-121.5638,49.2822,1,"2019",7,"Mainland interior"
7,2012,"T","B",38.7,-122.4405,49.2443,2,"2016;2025",4,"Mainland interior"
8,2007,"L","",10,-125.5864,50.4547,1,"2024",17,"Vancouver Island and coast"
9,2007,"L","",119,-125.4654,50.3978,1,"2024",17,"Vancouver Island and coast"
10,1996,"S","",17.9,-123.5443,49.4788,0,"",NA,"Vancouver Island and coast"
11,2007,"L","",15,-124.2079,50.4939,1,"2020",13,"Vancouver Island and coast"
12,2012,"L","B",10.1,-121.1343,49.5453,0,"",NA,"Mainland interior"
13,2012,"L","B",14,-121.1214,49.5285,0,"",NA,"Mainland interior"
14,2012,"L","B",7.8,-125.721,49.6747,0,"",NA,"Vancouver Island and coast"
15,2007,"L","",111,-124.9484,50.1588,1,"2024",17,"Vancouver Island and coast"
16,2007,"L","",103,-125.5661,50.4799,2,"2020;2024",13,"Vancouver Island and coast"
17,2007,"M","",185,-125.7285,50.3926,2,"2019;2024",12,"Vancouver Island and coast"
18,2012,"L","B",6.3,-126.6778,51.2019,0,"",NA,"Mainland interior"
19,2012,"T","B",19.7,-121.7748,49.5576,0,"",NA,"Mainland interior"
20,2012,"L","B",4.4,-121.1628,49.5191,0,"",NA,"Mainland interior"
21,2007,"L","",84,-124.1304,50.5204,1,"2020",13,"Vancouver Island and coast"
22,2012,"L","B",47.8,-127.2189,51.5203,0,"",NA,"Mainland interior"
23,2012,"T","B",2.9,-121.816,49.2853,3,"2016;2017;2023",4,"Mainland interior"
24,2012,"T","B",16.3,-121.8659,49.2696,2,"2016;2017",4,"Mainland interior"
25,2007,"L","",77,-125.5212,50.5374,0,"",NA,"Vancouver Island and coast"
26,2007,"S","",11,-125.5079,50.4137,0,"",NA,"Vancouver Island and coast"
27,2007,"M","",1,-124.9589,50.1359,1,"2023",16,"Vancouver Island and coast"
28,2007,"M","",6,-125.3675,50.4038,1,"2024",17,"Vancouver Island and coast"
29,2012,"L","B",5.3,-124.8478,48.7959,2,"2019;2023",7,"Vancouver Island and coast"
30,2012,"L","B",5.3,-125.5172,49.3957,0,"",NA,"Vancouver Island and coast"
31,2012,"T","B",144.9,-122.434,49.2561,0,"",NA,"Mainland interior"
32,2007,"M","",6,-125.5521,50.4097,1,"2024",17,"Vancouver Island and coast"
33,2007,"S","",18,-125.2949,50.3907,1,"2023",16,"Vancouver Island and coast"
34,2007,"L","",35,-124.9328,50.1398,2,"2023;2024",16,"Vancouver Island and coast"
35,2007,"M","",10,-125.4676,50.6997,0,"",NA,"Vancouver Island and coast"
36,2012,"L","B",31.8,-126.0173,49.3664,1,"2019",7,"Vancouver Island and coast"
37,2007,"S","",11,-125.6537,50.3948,1,"2024",17,"Vancouver Island and coast"
38,2012,"T","B",5.9,-121.7772,49.5632,0,"",NA,"Mainland interior"
39,2012,"L","B",12,-122.4037,50.2975,0,"",NA,"Mainland interior"
40,2013,"L","B",6.4,-124.6522,50.4419,0,"",NA,"Vancouver Island and coast"
41,2013,"L","B",9.1,-124.669,50.4705,0,"",NA,"Vancouver Island and coast"
42,2013,"L","B",9,-124.6705,50.477,0,"",NA,"Vancouver Island and coast"
43,2013,"L","B",8.1,-124.7218,50.496,0,"",NA,"Vancouver Island and coast"
44,2013,"T","B",6.8,-124.6912,50.5045,0,"",NA,"Vancouver Island and coast"
45,2007,"L","",3,-124.9562,50.1835,1,"2024",17,"Vancouver Island and coast"
46,2007,"L","",9,-124.9011,50.0916,1,"2023",16,"Vancouver Island and coast"
47,2012,"T","B",9.7,-121.8339,49.2809,3,"2016;2017;2023",4,"Mainland interior"
48,2012,"T","B",2.6,-122.1962,49.1992,1,"2016",4,"Mainland interior"
49,2013,"L","B",7.9,-125.7225,49.4993,0,"",NA,"Vancouver Island and coast"
50,2013,"L","B",11.7,-125.7355,49.4992,0,"",NA,"Vancouver Island and coast"
51,2014,"L","B",50.7,-122.138,49.1212,0,"",NA,"Mainland interior"
52,2014,"L","B",15.4,-121.7729,49.5576,0,"",NA,"Mainland interior"
53,2014,"L","B",19.6,-121.7714,49.5663,0,"",NA,"Mainland interior"
54,2014,"M","B",5.5,-121.6876,49.028,1,"2016",2,"Mainland interior"
55,2008,"S","BG",4.1,-125.0283,50.1246,1,"2023",15,"Vancouver Island and coast"
56,2008,"L","BG",1.7,-124.9749,50.0589,1,"2023",15,"Vancouver Island and coast"
57,2015,"L","",34.8,-117.8003,49.203,0,"",NA,"Mainland interior"
58,2020,"T","BA",2.1,-123.0407,49.4582,0,"",NA,"Mainland interior"
59,2020,"T","BA",1.2,-123.0461,49.4603,0,"",NA,"Mainland interior"
60,2020,"T","BA",10.9,-122.7965,49.4811,0,"",NA,"Mainland interior"
61,2020,"T","BA",7.3,-123.1242,49.5372,0,"",NA,"Mainland interior"
62,2020,"T","BA",1.9,-123.1067,49.5405,0,"",NA,"Mainland interior"
63,2020,"T","BA",3,-123.0633,49.5061,0,"",NA,"Mainland interior"
64,2020,"T","BA",5.4,-123.0573,49.5144,0,"",NA,"Mainland interior"
65,2020,"T","BA",3.5,-123.0663,49.5196,0,"",NA,"Mainland interior"
66,2020,"T","BA",1.6,-123.1335,49.535,0,"",NA,"Mainland interior"
67,2015,"T","BA",4.7,-125.4435,50.901,0,"",NA,"Vancouver Island and coast"
68,2015,"L","BA",18.6,-127.5256,50.1812,0,"",NA,"Vancouver Island and coast"
69,2015,"L","BA",10.3,-127.5207,50.1775,0,"",NA,"Vancouver Island and coast"
70,2015,"T","BA",30.4,-124.5716,49.2012,0,"",NA,"Vancouver Island and coast"
71,2015,"T","BA",58.7,-125.4658,50.8909,0,"",NA,"Vancouver Island and coast"
72,2015,"T","BA",25.6,-125.4756,50.8893,0,"",NA,"Vancouver Island and coast"
73,2015,"T","BA",22.9,-124.999,50.6403,0,"",NA,"Vancouver Island and coast"
74,2015,"T","BA",87.9,-125.7811,50.8579,0,"",NA,"Vancouver Island and coast"
75,2017,"L","BA",23.5,-125.7167,50.9494,0,"",NA,"Vancouver Island and coast"
76,2017,"T","",35.6,-125.4765,50.8892,0,"",NA,"Vancouver Island and coast"
77,2017,"T","",59.6,-125.4666,50.8911,0,"",NA,"Vancouver Island and coast"
78,2017,"T","BA",4.1,-127.049,51.0484,0,"",NA,"Mainland interior"
79,2017,"T","BA",40.7,-127.3605,51.7134,0,"",NA,"Mainland interior"
80,2016,"T","BA",25.6,-125.4756,50.8893,0,"",NA,"Vancouver Island and coast"
81,2018,"L","BA",34.6,-126.4438,49.9974,0,"",NA,"Vancouver Island and coast"
82,2016,"T","BA",58.7,-125.4658,50.8909,0,"",NA,"Vancouver Island and coast"
83,2020,"T","BA",460.2,-125.9468,50.1467,0,"",NA,"Vancouver Island and coast"
84,2020,"T","BA",377.7,-125.8178,50.1581,1,"2025",5,"Vancouver Island and coast"
85,2020,"T","BA",211.6,-125.8428,50.2148,2,"2019;2025",1,"Vancouver Island and coast"
86,2020,"T","BA",113.4,-125.872,50.2288,2,"2019;2025",1,"Vancouver Island and coast"
87,2020,"T","BA",77.4,-125.8558,50.2353,3,"2019;2024;2025",1,"Vancouver Island and coast"
88,2020,"T","BA",112.6,-125.9177,50.2383,1,"2019",1,"Vancouver Island and coast"
89,2020,"L","BA",9.4,-125.9535,50.2472,1,"2019",1,"Vancouver Island and coast"
90,2020,"T","BA",282.8,-126.4644,50.3455,0,"",NA,"Vancouver Island and coast"
91,2020,"T","BA",241.4,-125.7128,49.6774,0,"",NA,"Vancouver Island and coast"
92,2020,"T","BA",97.2,-125.7392,49.7198,0,"",NA,"Vancouver Island and coast"
93,2020,"T","BA",119.6,-125.7133,49.7193,0,"",NA,"Vancouver Island and coast"
94,2020,"T","BA",155.8,-125.6764,49.7611,0,"",NA,"Vancouver Island and coast"
95,2020,"T","BA",138.4,-125.6672,49.8042,0,"",NA,"Vancouver Island and coast"
96,2020,"T","BA",210.3,-125.8545,50.1127,0,"",NA,"Vancouver Island and coast"
97,2020,"T","BA",79,-127.5516,50.2084,0,"",NA,"Vancouver Island and coast"
98,2020,"T","BA",57.9,-127.175,50.2296,0,"",NA,"Vancouver Island and coast"
99,2020,"T","BA",36.6,-127.5959,50.2383,0,"",NA,"Vancouver Island and coast"
100,2020,"T","BA",48.1,-127.5237,50.2669,0,"",NA,"Vancouver Island and coast"
101,2020,"T","BA",48.9,-127.706,50.5768,2,"2019;2023",1,"Vancouver Island and coast"
102,2020,"T","BA",7.2,-127.4833,50.2192,0,"",NA,"Vancouver Island and coast"
103,2020,"T","BA",13.8,-127.5014,50.2272,0,"",NA,"Vancouver Island and coast"
104,2020,"T","BA",17.8,-127.5099,50.2276,0,"",NA,"Vancouver Island and coast"
105,2020,"T","BA",82.6,-127.7435,50.5724,2,"2019;2023",1,"Vancouver Island and coast"
106,2020,"T","BA",46.4,-127.6574,50.2578,0,"",NA,"Vancouver Island and coast"
107,2020,"T","BA",7.1,-127.7399,50.4146,1,"2019",1,"Vancouver Island and coast"
108,2020,"T","BA",7.1,-127.7937,50.4311,1,"2019",1,"Vancouver Island and coast"
109,2020,"T","BA",11.6,-127.8471,50.4393,1,"2019",1,"Vancouver Island and coast"
110,2020,"T","BA",6.3,-127.855,50.4428,0,"",NA,"Vancouver Island and coast"
111,2020,"T","BA",15.6,-127.6402,50.612,1,"2019",1,"Vancouver Island and coast"
112,2020,"T","BA",518.9,-125.7875,49.8012,0,"",NA,"Vancouver Island and coast"
113,2020,"T","BA",303.3,-125.8872,49.9494,0,"",NA,"Vancouver Island and coast"
114,2020,"T","BA",35.2,-125.7108,50.0738,1,"2025",5,"Vancouver Island and coast"
115,2020,"T","BA",676.5,-125.973,50.0918,0,"",NA,"Vancouver Island and coast"
116,2020,"T","BA",31.6,-125.6822,50.1306,0,"",NA,"Vancouver Island and coast"
117,2020,"T","BA",167.8,-125.7982,50.1211,1,"2025",5,"Vancouver Island and coast"
118,2020,"T","BA",215.4,-125.9945,50.1301,0,"",NA,"Vancouver Island and coast"
119,2020,"T","BA",27.4,-125.7653,50.1507,0,"",NA,"Vancouver Island and coast"
120,2020,"L","BA",3.5,-120.1466,50.7743,0,"",NA,"Mainland interior"
121,2020,"L","BA",2.1,-120.1498,50.7776,0,"",NA,"Mainland interior"
122,2020,"L","BA",1.7,-120.1468,50.7778,0,"",NA,"Mainland interior"
123,2020,"L","BA",2.3,-120.1439,50.7775,0,"",NA,"Mainland interior"
124,2020,"T","BA",5.2,-123.0555,49.4986,0,"",NA,"Mainland interior"
125,2019,"T","BA",53.8,-124.4869,50.296,0,"",NA,"Vancouver Island and coast"
126,2019,"T","BA",18.4,-124.4818,50.3293,0,"",NA,"Vancouver Island and coast"
127,2019,"T","BA",20.1,-124.4161,50.3896,0,"",NA,"Vancouver Island and coast"
128,2019,"T","BA",11.3,-125.1233,50.5532,0,"",NA,"Vancouver Island and coast"
129,2019,"L","BA",8.4,-121.0046,49.5866,0,"",NA,"Mainland interior"
130,2019,"L","BA",52.6,-121.2664,49.9027,0,"",NA,"Mainland interior"
131,2019,"L","BA",3.4,-120.1547,50.7748,0,"",NA,"Mainland interior"
132,2019,"L","BA",1.6,-120.1518,50.7776,0,"",NA,"Mainland interior"
133,2019,"T","BA",17.6,-127.8933,50.5659,2,"2019;2023",0,"Vancouver Island and coast"
134,2019,"T","BA",62.1,-127.7654,50.7899,2,"2019;2023",0,"Vancouver Island and coast"
135,2019,"T","BA",24.8,-127.8933,50.4286,0,"",NA,"Vancouver Island and coast"
136,2019,"T","BA",18.3,-127.8665,50.4482,1,"2019",0,"Vancouver Island and coast"
137,2019,"T","BA",19.6,-126.7352,50.5132,1,"2019",0,"Vancouver Island and coast"
138,2019,"T","BA",15.1,-126.7633,50.5185,1,"2019",0,"Vancouver Island and coast"
139,2019,"T","BA",15.7,-127.8707,50.5338,2,"2019;2023",0,"Vancouver Island and coast"
140,2019,"T","BA",7.6,-127.7623,50.5501,1,"2023",4,"Vancouver Island and coast"
141,2019,"T","BA",7.6,-127.7265,50.5542,2,"2019;2023",0,"Vancouver Island and coast"
142,2019,"T","BA",9.8,-127.7585,50.5596,1,"2023",4,"Vancouver Island and coast"
143,2019,"T","BA",39.7,-127.8314,50.5563,2,"2019;2023",0,"Vancouver Island and coast"
144,2019,"T","BA",33.4,-127.7419,50.5667,2,"2019;2023",0,"Vancouver Island and coast"
145,2019,"T","BA",13.1,-127.708,50.5724,2,"2019;2023",0,"Vancouver Island and coast"
146,2019,"T","BA",22.5,-127.6366,50.6099,1,"2019",0,"Vancouver Island and coast"
147,2019,"T","BA",10.6,-127.7415,50.7809,1,"2023",4,"Vancouver Island and coast"
148,2019,"T","BA",43.4,-127.1888,50.178,0,"",NA,"Vancouver Island and coast"
149,2019,"T","BA",12.7,-127.4104,50.2295,0,"",NA,"Vancouver Island and coast"
150,2019,"T","BA",16.4,-125.2467,50.819,0,"",NA,"Vancouver Island and coast"
151,2019,"L","BA",36.5,-125.8673,50.3755,1,"2019",0,"Vancouver Island and coast"
152,2019,"L","BA",39,-125.884,50.3786,1,"2019",0,"Vancouver Island and coast"
153,2019,"L","BA",20.4,-125.6503,50.4109,1,"2024",5,"Vancouver Island and coast"
154,2019,"L","BA",35.3,-125.632,50.419,1,"2024",5,"Vancouver Island and coast"
155,2019,"M","BA",21.3,-125.1918,50.4692,0,"",NA,"Vancouver Island and coast"
156,2019,"T","BA",27.6,-127.1663,50.0537,0,"",NA,"Vancouver Island and coast"
157,2019,"T","BA",57.4,-127.1573,50.1459,0,"",NA,"Vancouver Island and coast"
158,2019,"T","BA",108.4,-127.1842,50.1542,0,"",NA,"Vancouver Island and coast"
159,2019,"T","BA",33,-127.5545,50.1633,0,"",NA,"Vancouver Island and coast"
160,2019,"T","BA",26.7,-127.5635,50.1649,0,"",NA,"Vancouver Island and coast"
161,2019,"T","BA",6.2,-127.1067,50.1743,0,"",NA,"Vancouver Island and coast"
162,2019,"T","BA",9.9,-127.1236,50.1843,0,"",NA,"Vancouver Island and coast"
163,2019,"T","BA",11.4,-127.1141,50.1883,0,"",NA,"Vancouver Island and coast"
164,2019,"T","BA",77.5,-127.1406,50.1844,0,"",NA,"Vancouver Island and coast"
165,2019,"T","BA",100.2,-127.5817,50.1964,0,"",NA,"Vancouver Island and coast"
166,2019,"T","BA",12.8,-127.4031,50.2048,0,"",NA,"Vancouver Island and coast"
167,2019,"T","BA",42.7,-127.4227,50.2382,0,"",NA,"Vancouver Island and coast"
168,2019,"T","BA",50.1,-127.4547,50.2553,0,"",NA,"Vancouver Island and coast"
169,2019,"T","BA",54.3,-125.3615,50.3369,1,"2024",5,"Vancouver Island and coast"
170,2019,"T","BA",12.9,-125.874,50.3707,1,"2019",0,"Vancouver Island and coast"
171,2019,"T","BA",34.1,-126.0525,50.4185,1,"2019",0,"Vancouver Island and coast"
172,2019,"T","BA",96.5,-126.0856,50.427,1,"2019",0,"Vancouver Island and coast"
173,2019,"T","BA",20.5,-126.0629,50.4358,1,"2019",0,"Vancouver Island and coast"
174,2019,"T","BA",9.4,-126.0732,50.4392,1,"2019",0,"Vancouver Island and coast"
175,2019,"T","BA",24.5,-126.0891,50.4436,1,"2019",0,"Vancouver Island and coast"
176,2019,"T","BA",28.8,-126.5531,50.4692,1,"2019",0,"Vancouver Island and coast"
177,2019,"T","BA",20.2,-126.5651,50.48,1,"2019",0,"Vancouver Island and coast"
178,2019,"T","BA",36.8,-125.5818,50.5736,0,"",NA,"Vancouver Island and coast"
179,2019,"T","BA",17,-125.2535,50.6135,0,"",NA,"Vancouver Island and coast"
180,2019,"T","BA",4.8,-125.2591,50.8204,0,"",NA,"Vancouver Island and coast"
181,2019,"T","BA",40,-125.3825,50.9177,0,"",NA,"Vancouver Island and coast"
182,2019,"L","BA",17.3,-124.8226,50.4665,0,"",NA,"Vancouver Island and coast"
183,2019,"T","BA",30.1,-126.6946,50.2117,0,"",NA,"Vancouver Island and coast"
184,2019,"T","BA",17.6,-127.7158,50.2456,0,"",NA,"Vancouver Island and coast"
185,2019,"T","BA",5.8,-126.5412,50.3303,0,"",NA,"Vancouver Island and coast"
186,2019,"T","BA",26.9,-127.8199,50.3271,0,"",NA,"Vancouver Island and coast"
187,2019,"T","BA",5.7,-126.9586,50.3445,1,"2019",0,"Vancouver Island and coast"
188,2021,"L","BA",14.2,-124.4627,50.6177,0,"",NA,"Vancouver Island and coast"
189,2021,"L","BA",6.4,-124.4588,50.6195,0,"",NA,"Vancouver Island and coast"
190,2021,"L","BA",19.5,-124.1609,50.6343,1,"2020",1,"Vancouver Island and coast"
191,2021,"M","BA",18.7,-124.829,50.4357,0,"",NA,"Vancouver Island and coast"
192,2021,"T","BA",14.5,-124.4688,50.2983,0,"",NA,"Vancouver Island and coast"
193,2021,"T","BA",20.4,-124.4682,50.3256,0,"",NA,"Vancouver Island and coast"
194,2021,"T","BA",20.3,-124.8219,50.4152,0,"",NA,"Vancouver Island and coast"
195,2021,"T","BA",14.4,-124.821,50.4202,0,"",NA,"Vancouver Island and coast"
196,2021,"L","BA",54.3,-122.7262,49.3213,2,"2016;2025",4,"Mainland interior"
197,2021,"T","BA",44,-122.7948,49.608,1,"2018",3,"Mainland interior"
198,2021,"T","BA",43.3,-122.7441,49.6104,0,"",NA,"Mainland interior"
199,2021,"T","BA",16.7,-122.2272,49.6181,1,"2018",3,"Mainland interior"
200,2021,"T","BA",50.3,-122.1955,49.6264,1,"2018",3,"Mainland interior"
201,2021,"L","BA",4.7,-122.9303,49.9848,0,"",NA,"Mainland interior"
202,2021,"L","BA",10.5,-123.6955,50.2695,0,"",NA,"Vancouver Island and coast"
203,2021,"L","BA",8.1,-123.3516,50.2619,0,"",NA,"Vancouver Island and coast"
204,2021,"L","BA",7.8,-123.703,50.2737,0,"",NA,"Vancouver Island and coast"
205,2021,"L","BA",9.7,-123.7097,50.279,0,"",NA,"Vancouver Island and coast"
206,2021,"L","BA",5.1,-123.7111,50.4178,0,"",NA,"Vancouver Island and coast"
207,2021,"M","BA",8.4,-121.2934,49.8967,0,"",NA,"Mainland interior"
208,2021,"L","BA",23.8,-126.5644,50.4056,0,"",NA,"Vancouver Island and coast"
209,2021,"L","BA",4.7,-125.4968,50.6819,0,"",NA,"Vancouver Island and coast"
210,2021,"L","BA",43.6,-125.3747,50.8556,0,"",NA,"Vancouver Island and coast"
211,2021,"M","BA",4.3,-125.6195,50.6331,0,"",NA,"Vancouver Island and coast"
212,2021,"S","BA",19.1,-125.1685,50.591,0,"",NA,"Vancouver Island and coast"
213,2021,"T","BA",6.3,-125.6279,50.6407,0,"",NA,"Vancouver Island and coast"
214,2021,"T","BA",18.7,-125.4183,50.816,0,"",NA,"Vancouver Island and coast"
215,2021,"T","BA",4.1,-125.4355,50.8341,0,"",NA,"Vancouver Island and coast"
216,2021,"T","BA",11.2,-125.4351,50.8403,0,"",NA,"Vancouver Island and coast"
217,2021,"T","BA",3.8,-125.4309,50.8466,0,"",NA,"Vancouver Island and coast"
218,2021,"T","BA",10.3,-125.3999,50.855,0,"",NA,"Vancouver Island and coast"
219,2021,"T","BA",19.6,-125.3605,50.8589,0,"",NA,"Vancouver Island and coast"
220,2021,"L","BA",17.5,-125.6764,50.9206,0,"",NA,"Vancouver Island and coast"
221,2021,"L","BA",5.2,-127.2395,52.0013,0,"",NA,"Mainland interior"
222,2021,"M","BA",7.7,-127.5556,52.4114,0,"",NA,"Mainland interior"
223,2021,"T","BA",20,-127.2421,50.3983,0,"",NA,"Vancouver Island and coast"
224,2021,"T","BA",55.4,-127.7424,50.5687,2,"2019;2023",2,"Vancouver Island and coast"
225,2021,"T","BA",17,-127.7832,50.5822,2,"2019;2023",2,"Vancouver Island and coast"
226,2021,"T","BA",23.9,-125.7038,50.9216,0,"",NA,"Vancouver Island and coast"
227,2021,"T","BA",17.8,-125.7208,50.9456,0,"",NA,"Vancouver Island and coast"
228,2021,"T","BA",41.2,-125.7136,50.9446,0,"",NA,"Vancouver Island and coast"
229,2021,"T","BA",25.4,-125.7323,50.9543,0,"",NA,"Vancouver Island and coast"
230,2021,"T","BA",26.5,-125.9332,51.0027,0,"",NA,"Mainland interior"
231,2021,"T","BA",13.2,-126.8328,51.2577,0,"",NA,"Mainland interior"
232,2021,"T","BA",6.3,-126.6196,51.2874,0,"",NA,"Mainland interior"
233,2021,"T","BA",12.1,-126.2508,51.3634,0,"",NA,"Mainland interior"
234,2021,"T","BA",7.8,-126.606,51.4899,0,"",NA,"Mainland interior"
235,2021,"L","BA",10.4,-124.5081,50.5583,0,"",NA,"Vancouver Island and coast"
236,2021,"L","BA",5,-124.4684,50.5727,0,"",NA,"Vancouver Island and coast"
237,2021,"L","BA",8,-124.3024,50.5865,1,"2020",1,"Vancouver Island and coast"
238,2021,"L","BA",10.6,-124.4849,50.6102,0,"",NA,"Vancouver Island and coast"
239,2021,"L","BA",6.8,-124.5018,50.6166,0,"",NA,"Vancouver Island and coast"
240,2021,"L","BA",5,-124.5075,50.6195,0,"",NA,"Vancouver Island and coast"
241,2021,"L","BA",20.1,-124.5217,50.6189,0,"",NA,"Vancouver Island and coast"
242,2022,"T","BA",18.6,-125.6588,49.6285,0,"",NA,"Vancouver Island and coast"
243,2022,"S","BA",8.3,-125.4066,50.8552,0,"",NA,"Vancouver Island and coast"
244,2022,"S","BA",11.3,-125.3924,50.8556,0,"",NA,"Vancouver Island and coast"
245,2022,"S","BA",11.5,-125.3786,50.8574,0,"",NA,"Vancouver Island and coast"
246,2022,"L","BA",7.2,-125.434,50.8505,0,"",NA,"Vancouver Island and coast"
247,2022,"L","BA",5.8,-125.4347,50.8451,0,"",NA,"Vancouver Island and coast"
248,2022,"S","BA",11.1,-125.4427,50.8392,0,"",NA,"Vancouver Island and coast"
249,2022,"S","BA",21.8,-124.4723,50.5474,0,"",NA,"Vancouver Island and coast"
250,2022,"M","BA",23.8,-125.7081,50.9202,0,"",NA,"Vancouver Island and coast"
251,2022,"T","BA",3.9,-127.1889,50.1627,0,"",NA,"Vancouver Island and coast"
252,2024,"T","BA",22.3,-126.0485,49.4827,1,"2019",5,"Vancouver Island and coast"
253,2024,"T","BA",51.6,-126.1104,49.4903,1,"2019",5,"Vancouver Island and coast"
254,2023,"L","",3.8,-125.7516,49.9342,0,"",NA,"Vancouver Island and coast"
255,2023,"L","",4.1,-125.7485,49.9457,0,"",NA,"Vancouver Island and coast"
256,2023,"L","BA",6.5,-125.4404,50.8539,0,"",NA,"Vancouver Island and coast"
257,2023,"T","",17.9,-125.1369,49.2072,0,"",NA,"Vancouver Island and coast"
258,2023,"T","",9.2,-125.155,49.2133,0,"",NA,"Vancouver Island and coast"
259,2023,"T","",5.5,-125.1472,49.2145,0,"",NA,"Vancouver Island and coast"
260,2023,"T","",18.4,-125.1685,49.2228,0,"",NA,"Vancouver Island and coast"
261,2023,"T","",7.4,-125.1868,49.2263,0,"",NA,"Vancouver Island and coast"
262,2023,"T","",8.2,-125.1988,49.2272,0,"",NA,"Vancouver Island and coast"
263,2023,"T","BA",22.1,-125.701,49.3418,0,"",NA,"Vancouver Island and coast"
264,2021,"L","BA",3.5,-124.4649,50.5755,0,"",NA,"Vancouver Island and coast"
265,2021,"L","BA",10.6,-124.5096,50.6181,0,"",NA,"Vancouver Island and coast"
266,2021,"T","BA",117,-125.959,49.9905,0,"",NA,"Vancouver Island and coast"
267,2021,"L","BA",102.5,-125.1745,49.1555,1,"2019",2,"Vancouver Island and coast"
