"poly_id","maptile","year","density","projection","filename","s3Url"
"P001","092l041_4_4_3",2019,8,"utm10","bc_092l041_4_4_3_xyes_8_utm10_2019.laz","https://nrs.objectstore.gov.bc.ca/gdwuts/092/092l/2019/pointcloud/bc_092l041_4_4_3_xyes_8_utm10_2019.laz"
"P001","092l041_4_4_4",2019,8,"utm10","bc_092l041_4_4_4_xyes_8_utm10_2019.laz","https://nrs.objectstore.gov.bc.ca/gdwuts/092/092l/2019/pointcloud/bc_092l041_4_4_4_xyes_8_utm10_2019.laz"
"P001","092l051_2_2_1",2019,8,"utm10","bc_092l051_2_2_1_xyes_8_utm10_2019.laz","https://nrs.objectstore.gov.bc.ca/gdwuts/092/092l/2019/pointcloud/bc_092l051_2_2_1_xyes_8_utm10_2019.laz"
"P001","092l051_2_2_2",2019,8,"utm10","bc_092l051_2_2_2_xyes_8_utm10_2019.laz","https://nrs.objectstore.gov.bc.ca/gdwuts/092/092l/2019/pointcloud/bc_092l051_2_2_2_xyes_8_utm10_2019.laz"
"P002","092c076_4_1_2",2019,8,"utm10","bc_092c076_4_1_2_xyes_8_utm10_2019.laz","https://nrs.objectstore.gov.bc.ca/gdwuts/092/092c/2019/pointcloud/bc_092c076_4_1_2_xyes_8_utm10_2019.laz"
"P002","092c076_4_1_4",2019,8,"utm10","bc_092c076_4_1_4_xyes_8_utm10_2019.laz","https://nrs.objectstore.gov.bc.ca/gdwuts/092/092c/2019/pointcloud/bc_092c076_4_1_4_xyes_8_utm10_2019.laz"
"P002","092c076_4_2_1",2019,8,"utm10","bc_092c076_4_2_1_xyes_8_utm10_2019.laz","https://nrs.objectstore.gov.bc.ca/gdwuts/092/092c/2019/pointcloud/bc_092c076_4_2_1_xyes_8_utm10_2019.laz"
"P002","092c076_4_2_3",2019,8,"utm10","bc_092c076_4_2_3_xyes_8_utm10_2019.laz","https://nrs.objectstore.gov.bc.ca/gdwuts/092/092c/2019/pointcloud/bc_092c076_4_2_3_xyes_8_utm10_2019.laz"
"P003","092c076_3_4_3",2019,8,"utm10","bc_092c076_3_4_3_xyes_8_utm10_2019.laz","https://nrs.objectstore.gov.bc.ca/gdwuts/092/092c/2019/pointcloud/bc_092c076_3_4_3_xyes_8_utm10_2019.laz"
"P004","092c076_3_3_4",2019,8,"utm10","bc_092c076_3_3_4_xyes_8_utm10_2019.laz","https://nrs.objectstore.gov.bc.ca/gdwuts/092/092c/2019/pointcloud/bc_092c076_3_3_4_xyes_8_utm10_2019.laz"
"P005","092f032_4_3_2",2019,8,"utm10","bc_092f032_4_3_2_xyes_8_utm10_2019.laz","https://nrs.objectstore.gov.bc.ca/gdwuts/092/092f/2019/pointcloud/bc_092f032_4_3_2_xyes_8_utm10_2019.laz"
"P005","092f032_4_4_1",2019,8,"utm10","bc_092f032_4_4_1_xyes_8_utm10_2019.laz","https://nrs.objectstore.gov.bc.ca/gdwuts/092/092f/2019/pointcloud/bc_092f032_4_4_1_xyes_8_utm10_2019.laz"
"P006","092f032_3_4_2",2019,8,"utm10","bc_092f032_3_4_2_xyes_8_utm10_2019.laz","https://nrs.objectstore.gov.bc.ca/gdwuts/092/092f/2019/pointcloud/bc_092f032_3_4_2_xyes_8_utm10_2019.laz"
"P006","092f032_4_3_1",2019,8,"utm10","bc_092f032_4_3_1_xyes_8_utm10_2019.laz","https://nrs.objectstore.gov.bc.ca/gdwuts/092/092f/2019/pointcloud/bc_092f032_4_3_1_xyes_8_utm10_2019.laz"
"P007","092e049_2_1_3",2019,8,"utm10","bc_092e049_2_1_3_xyes_8_utm10_2019.laz","https://nrs.objectstore.gov.bc.ca/gdwuts/092/092e/2019/pointcloud/bc_092e049_2_1_3_xyes_8_utm10_2019.laz"
"P007","092e049_2_1_4",2019,8,"utm10","bc_092e049_2_1_4_xyes_8_utm10_2019.laz","https://nrs.objectstore.gov.bc.ca/gdwuts/092/092e/2019/pointcloud/bc_092e049_2_1_4_xyes_8_utm10_2019.laz"
"P007","092e049_2_3_1",2019,8,"utm10","bc_092e049_2_3_1_xyes_8_utm10_2019.laz","https://nrs.objectstore.gov.bc.ca/gdwuts/092/092e/2019/pointcloud/bc_092e049_2_3_1_xyes_8_utm10_2019.laz"
"P007","092e049_2_3_2",2019,8,"utm10","bc_092e049_2_3_2_xyes_8_utm10_2019.laz","https://nrs.objectstore.gov.bc.ca/gdwuts/092/092e/2019/pointcloud/bc_092e049_2_3_2_xyes_8_utm10_2019.laz"
"P008","092e049_2_3_1",2019,8,"utm10","bc_092e049_2_3_1_xyes_8_utm10_2019.laz","https://nrs.objectstore.gov.bc.ca/gdwuts/092/092e/2019/pointcloud/bc_092e049_2_3_1_xyes_8_utm10_2019.laz"
"P008","092e049_2_3_3",2019,8,"utm10","bc_092e049_2_3_3_xyes_8_utm10_2019.laz","https://nrs.objectstore.gov.bc.ca/gdwuts/092/092e/2019/pointcloud/bc_092e049_2_3_3_xyes_8_utm10_2019.laz"
"P008","092e049_2_3_4",2019,8,"utm10","bc_092e049_2_3_4_xyes_8_utm10_2019.laz","https://nrs.objectstore.gov.bc.ca/gdwuts/092/092e/2019/pointcloud/bc_092e049_2_3_4_xyes_8_utm10_2019.laz"
"P009","092e049_4_1_1",2019,8,"utm10","bc_092e049_4_1_1_xyes_8_utm10_2019.laz","https://nrs.objectstore.gov.bc.ca/gdwuts/092/092e/2019/pointcloud/bc_092e049_4_1_1_xyes_8_utm10_2019.laz"
"P009","092e049_4_1_3",2019,8,"utm10","bc_092e049_4_1_3_xyes_8_utm10_2019.laz","https://nrs.objectstore.gov.bc.ca/gdwuts/092/092e/2019/pointcloud/bc_092e049_4_1_3_xyes_8_utm10_2019.laz"
"P010","092e048_4_4_4",2019,8,"utm10","bc_092e048_4_4_4_xyes_8_utm10_2019.laz","https://nrs.objectstore.gov.bc.ca/gdwuts/092/092e/2019/pointcloud/bc_092e048_4_4_4_xyes_8_utm10_2019.laz"
"P011","092e059_1_2_1",2019,8,"utm10","bc_092e059_1_2_1_xyes_8_utm10_2019.laz","https://nrs.objectstore.gov.bc.ca/gdwuts/092/092e/2019/pointcloud/bc_092e059_1_2_1_xyes_8_utm10_2019.laz"
"P011","092e059_1_2_3",2019,8,"utm10","bc_092e059_1_2_3_xyes_8_utm10_2019.laz","https://nrs.objectstore.gov.bc.ca/gdwuts/092/092e/2019/pointcloud/bc_092e059_1_2_3_xyes_8_utm10_2019.laz"
"P012","092l041_4_2_3",2019,8,"utm10","bc_092l041_4_2_3_xyes_8_utm10_2019.laz","https://nrs.objectstore.gov.bc.ca/gdwuts/092/092l/2019/pointcloud/bc_092l041_4_2_3_xyes_8_utm10_2019.laz"
"P013","092e059_1_4_4",2019,8,"utm10","bc_092e059_1_4_4_xyes_8_utm10_2019.laz","https://nrs.objectstore.gov.bc.ca/gdwuts/092/092e/2019/pointcloud/bc_092e059_1_4_4_xyes_8_utm10_2019.laz"
"P013","092e059_3_2_1",2019,8,"utm10","bc_092e059_3_2_1_xyes_8_utm10_2019.laz","https://nrs.objectstore.gov.bc.ca/gdwuts/092/092e/2019/pointcloud/bc_092e059_3_2_1_xyes_8_utm10_2019.laz"
"P013","092e059_3_2_2",2019,8,"utm10","bc_092e059_3_2_2_xyes_8_utm10_2019.laz","https://nrs.objectstore.gov.bc.ca/gdwuts/092/092e/2019/pointcloud/bc_092e059_3_2_2_xyes_8_utm10_2019.laz"
"P014","092e059_1_4_4",2019,8,"utm10","bc_092e059_1_4_4_xyes_8_utm10_2019.laz","https://nrs.objectstore.gov.bc.ca/gdwuts/092/092e/2019/pointcloud/bc_092e059_1_4_4_xyes_8_utm10_2019.laz"
"P014","092e059_3_2_2",2019,8,"utm10","bc_092e059_3_2_2_xyes_8_utm10_2019.laz","https://nrs.objectstore.gov.bc.ca/gdwuts/092/092e/2019/pointcloud/bc_092e059_3_2_2_xyes_8_utm10_2019.laz"
"P014","092e059_3_2_4",2019,8,"utm10","bc_092e059_3_2_4_xyes_8_utm10_2019.laz","https://nrs.objectstore.gov.bc.ca/gdwuts/092/092e/2019/pointcloud/bc_092e059_3_2_4_xyes_8_utm10_2019.laz"
"P015","092c076_2_3_4",2019,8,"utm10","bc_092c076_2_3_4_xyes_8_utm10_2019.laz","https://nrs.objectstore.gov.bc.ca/gdwuts/092/092c/2019/pointcloud/bc_092c076_2_3_4_xyes_8_utm10_2019.laz"
"P015","092c076_2_4_3",2019,8,"utm10","bc_092c076_2_4_3_xyes_8_utm10_2019.laz","https://nrs.objectstore.gov.bc.ca/gdwuts/092/092c/2019/pointcloud/bc_092c076_2_4_3_xyes_8_utm10_2019.laz"
"P015","092c076_4_1_2",2019,8,"utm10","bc_092c076_4_1_2_xyes_8_utm10_2019.laz","https://nrs.objectstore.gov.bc.ca/gdwuts/092/092c/2019/pointcloud/bc_092c076_4_1_2_xyes_8_utm10_2019.laz"
"P015","092c076_4_2_1",2019,8,"utm10","bc_092c076_4_2_1_xyes_8_utm10_2019.laz","https://nrs.objectstore.gov.bc.ca/gdwuts/092/092c/2019/pointcloud/bc_092c076_4_2_1_xyes_8_utm10_2019.laz"
"P015","092c076_4_2_2",2019,8,"utm10","bc_092c076_4_2_2_xyes_8_utm10_2019.laz","https://nrs.objectstore.gov.bc.ca/gdwuts/092/092c/2019/pointcloud/bc_092c076_4_2_2_xyes_8_utm10_2019.laz"
"P015","092c076_4_2_4",2019,8,"utm10","bc_092c076_4_2_4_xyes_8_utm10_2019.laz","https://nrs.objectstore.gov.bc.ca/gdwuts/092/092c/2019/pointcloud/bc_092c076_4_2_4_xyes_8_utm10_2019.laz"
"P016","092c077_3_3_4",2019,8,"utm10","bc_092c077_3_3_4_xyes_8_utm10_2019.laz","https://nrs.objectstore.gov.bc.ca/gdwuts/092/092c/2019/pointcloud/bc_092c077_3_3_4_xyes_8_utm10_2019.laz"
"P017","092l036_1_1_3",2019,8,"utm10","bc_092l036_1_1_3_xyes_8_utm10_2019.laz","https://nrs.objectstore.gov.bc.ca/gdwuts/092/092l/2019/pointcloud/bc_092l036_1_1_3_xyes_8_utm10_2019.laz"
"P018","092k011_4_2_4",2025,8,"utm10","bc_092k011_4_2_4_xyes_8_utm10_20251015_20251015.laz","https://nrs.objectstore.gov.bc.ca/gdwuts/092/092k/2025/pointcloud/bc_092k011_4_2_4_xyes_8_utm10_20251015_20251015.laz"
"P018","092k011_4_4_2",2025,8,"utm10","bc_092k011_4_4_2_xyes_8_utm10_20251015_20251015.laz","https://nrs.objectstore.gov.bc.ca/gdwuts/092/092k/2025/pointcloud/bc_092k011_4_4_2_xyes_8_utm10_20251015_20251015.laz"
"P019","092k021_2_1_4",2019,8,"utm10","bc_092k021_2_1_4_xyes_8_utm10_2019.laz","https://nrs.objectstore.gov.bc.ca/gdwuts/092/092k/2019/pointcloud/bc_092k021_2_1_4_xyes_8_utm10_2019.laz"
"P019","092k021_2_2_3",2019,8,"utm10","bc_092k021_2_2_3_xyes_8_utm10_2019.laz","https://nrs.objectstore.gov.bc.ca/gdwuts/092/092k/2019/pointcloud/bc_092k021_2_2_3_xyes_8_utm10_2019.laz"
"P020","092k021_2_1_4",2019,8,"utm10","bc_092k021_2_1_4_xyes_8_utm10_2019.laz","https://nrs.objectstore.gov.bc.ca/gdwuts/092/092k/2019/pointcloud/bc_092k021_2_1_4_xyes_8_utm10_2019.laz"
"P020","092k021_2_3_2",2019,8,"utm10","bc_092k021_2_3_2_xyes_8_utm10_2019.laz","https://nrs.objectstore.gov.bc.ca/gdwuts/092/092k/2019/pointcloud/bc_092k021_2_3_2_xyes_8_utm10_2019.laz"
"P021","092k021_2_3_2",2019,8,"utm10","bc_092k021_2_3_2_xyes_8_utm10_2019.laz","https://nrs.objectstore.gov.bc.ca/gdwuts/092/092k/2019/pointcloud/bc_092k021_2_3_2_xyes_8_utm10_2019.laz"
"P021","092k021_2_3_4",2019,8,"utm10","bc_092k021_2_3_4_xyes_8_utm10_2019.laz","https://nrs.objectstore.gov.bc.ca/gdwuts/092/092k/2019/pointcloud/bc_092k021_2_3_4_xyes_8_utm10_2019.laz"
"P021","092k021_2_4_1",2019,8,"utm10","bc_092k021_2_4_1_xyes_8_utm10_2019.laz","https://nrs.objectstore.gov.bc.ca/gdwuts/092/092k/2019/pointcloud/bc_092k021_2_4_1_xyes_8_utm10_2019.laz"
"P022","092k021_1_4_1",2019,8,"utm10","bc_092k021_1_4_1_xyes_8_utm10_2019.laz","https://nrs.objectstore.gov.bc.ca/gdwuts/092/092k/2019/pointcloud/bc_092k021_1_4_1_xyes_8_utm10_2019.laz"
"P022","092k021_1_4_4",2019,8,"utm10","bc_092k021_1_4_4_xyes_8_utm10_2019.laz","https://nrs.objectstore.gov.bc.ca/gdwuts/092/092k/2019/pointcloud/bc_092k021_1_4_4_xyes_8_utm10_2019.laz"
"P023","092k021_1_3_4",2019,8,"utm10","bc_092k021_1_3_4_xyes_8_utm10_2019.laz","https://nrs.objectstore.gov.bc.ca/gdwuts/092/092k/2019/pointcloud/bc_092k021_1_3_4_xyes_8_utm10_2019.laz"
"P024","092l052_3_2_4",2019,8,"utm10","bc_092l052_3_2_4_xyes_8_utm10_2019.laz","https://nrs.objectstore.gov.bc.ca/gdwuts/092/092l/2019/pointcloud/bc_092l052_3_2_4_xyes_8_utm10_2019.laz"
"P024","092l052_3_4_2",2019,8,"utm10","bc_092l052_3_4_2_xyes_8_utm10_2019.laz","https://nrs.objectstore.gov.bc.ca/gdwuts/092/092l/2019/pointcloud/bc_092l052_3_4_2_xyes_8_utm10_2019.laz"
"P025","092l052_3_2_3",2019,8,"utm10","bc_092l052_3_2_3_xyes_8_utm10_2019.laz","https://nrs.objectstore.gov.bc.ca/gdwuts/092/092l/2019/pointcloud/bc_092l052_3_2_3_xyes_8_utm10_2019.laz"
"P025","092l052_3_4_1",2019,8,"utm10","bc_092l052_3_4_1_xyes_8_utm10_2019.laz","https://nrs.objectstore.gov.bc.ca/gdwuts/092/092l/2019/pointcloud/bc_092l052_3_4_1_xyes_8_utm10_2019.laz"
"P025","092l052_3_4_3",2019,8,"utm10","bc_092l052_3_4_3_xyes_8_utm10_2019.laz","https://nrs.objectstore.gov.bc.ca/gdwuts/092/092l/2019/pointcloud/bc_092l052_3_4_3_xyes_8_utm10_2019.laz"
"P026","092l042_1_2_3",2019,8,"utm10","bc_092l042_1_2_3_xyes_8_utm10_2019.laz","https://nrs.objectstore.gov.bc.ca/gdwuts/092/092l/2019/pointcloud/bc_092l042_1_2_3_xyes_8_utm10_2019.laz"
"P027","092l042_1_3_1",2019,8,"utm10","bc_092l042_1_3_1_xyes_8_utm10_2019.laz","https://nrs.objectstore.gov.bc.ca/gdwuts/092/092l/2019/pointcloud/bc_092l042_1_3_1_xyes_8_utm10_2019.laz"
"P028","092l041_2_3_4",2019,8,"utm10","bc_092l041_2_3_4_xyes_8_utm10_2019.laz","https://nrs.objectstore.gov.bc.ca/gdwuts/092/092l/2019/pointcloud/bc_092l041_2_3_4_xyes_8_utm10_2019.laz"
"P028","092l041_2_4_3",2019,8,"utm10","bc_092l041_2_4_3_xyes_8_utm10_2019.laz","https://nrs.objectstore.gov.bc.ca/gdwuts/092/092l/2019/pointcloud/bc_092l041_2_4_3_xyes_8_utm10_2019.laz"
"P029","092l041_2_3_4",2019,8,"utm10","bc_092l041_2_3_4_xyes_8_utm10_2019.laz","https://nrs.objectstore.gov.bc.ca/gdwuts/092/092l/2019/pointcloud/bc_092l041_2_3_4_xyes_8_utm10_2019.laz"
"P030","092l062_2_2_1",2019,8,"utm10","bc_092l062_2_2_1_xyes_8_utm10_2019.laz","https://nrs.objectstore.gov.bc.ca/gdwuts/092/092l/2019/pointcloud/bc_092l062_2_2_1_xyes_8_utm10_2019.laz"
"P030","092l062_2_2_3",2019,8,"utm10","bc_092l062_2_2_3_xyes_8_utm10_2019.laz","https://nrs.objectstore.gov.bc.ca/gdwuts/092/092l/2019/pointcloud/bc_092l062_2_2_3_xyes_8_utm10_2019.laz"
"P031","092c087_2_2_2",2019,8,"utm10","bc_092c087_2_2_2_xyes_8_utm10_2019.laz","https://nrs.objectstore.gov.bc.ca/gdwuts/092/092c/2019/pointcloud/bc_092c087_2_2_2_xyes_8_utm10_2019.laz"
"P032","092k002_3_4_2",2025,8,"utm10","bc_092k002_3_4_2_xyes_8_utm10_20251015_20251015.laz","https://nrs.objectstore.gov.bc.ca/gdwuts/092/092k/2025/pointcloud/bc_092k002_3_4_2_xyes_8_utm10_20251015_20251015.laz"
"P032","092k002_3_2_4",2025,8,"utm10","bc_092k002_3_2_4_xyes_8_utm10_20251015_20251015.laz","https://nrs.objectstore.gov.bc.ca/gdwuts/092/092k/2025/pointcloud/bc_092k002_3_2_4_xyes_8_utm10_20251015_20251015.laz"
"P033","092k012_2_3_1",2024,8,"utm10","bc_092k012_2_3_1_xyes_8_utm10_20240414_20240414.laz","https://nrs.objectstore.gov.bc.ca/gdwuts/092/092k/2024/pointcloud/bc_092k012_2_3_1_xyes_8_utm10_20240414_20240414.laz"
"P034","092k012_1_3_3",2025,8,"utm10","bc_092k012_1_3_3_xyes_8_utm10_20251015_20251015.laz","https://nrs.objectstore.gov.bc.ca/gdwuts/092/092k/2025/pointcloud/bc_092k012_1_3_3_xyes_8_utm10_20251015_20251015.laz"
"P035","092k012_1_3_4",2024,8,"utm10","bc_092k012_1_3_4_xyes_8_utm10_20240414_20251015.laz","https://nrs.objectstore.gov.bc.ca/gdwuts/092/092k/2024/pointcloud/bc_092k012_1_3_4_xyes_8_utm10_20240414_20251015.laz"
"P035","092k012_3_1_2",2024,8,"utm10","bc_092k012_3_1_2_xyes_8_utm10_20240414_20251015.laz","https://nrs.objectstore.gov.bc.ca/gdwuts/092/092k/2024/pointcloud/bc_092k012_3_1_2_xyes_8_utm10_20240414_20251015.laz"
"P036","092f042_3_3_3",2019,8,"utm10","bc_092f042_3_3_3_xyes_8_utm10_2019.laz","https://nrs.objectstore.gov.bc.ca/gdwuts/092/092f/2019/pointcloud/bc_092f042_3_3_3_xyes_8_utm10_2019.laz"
"P037","092f042_3_3_3",2019,8,"utm10","bc_092f042_3_3_3_xyes_8_utm10_2019.laz","https://nrs.objectstore.gov.bc.ca/gdwuts/092/092f/2019/pointcloud/bc_092f042_3_3_3_xyes_8_utm10_2019.laz"
"P037","092f052_1_1_1",2019,8,"utm10","bc_092f052_1_1_1_xyes_8_utm10_2019.laz","https://nrs.objectstore.gov.bc.ca/gdwuts/092/092f/2019/pointcloud/bc_092f052_1_1_1_xyes_8_utm10_2019.laz"
"P038","092l051_4_1_1",2019,8,"utm10","bc_092l051_4_1_1_xyes_8_utm10_2019.laz","https://nrs.objectstore.gov.bc.ca/gdwuts/092/092l/2019/pointcloud/bc_092l051_4_1_1_xyes_8_utm10_2019.laz"
"P039","092l072_3_3_4",2023,8,"utm9","bc_092l072_3_3_4_xyes_8_utm9_20231031_20231031.laz","https://nrs.objectstore.gov.bc.ca/gdwuts/092/092l/2023/pointcloud/bc_092l072_3_3_4_xyes_8_utm9_20231031_20231031.laz"
"P039","092l072_3_4_1",2023,8,"utm9","bc_092l072_3_4_1_xyes_8_utm9_20231031_20231031.laz","https://nrs.objectstore.gov.bc.ca/gdwuts/092/092l/2023/pointcloud/bc_092l072_3_4_1_xyes_8_utm9_20231031_20231031.laz"
"P039","092l072_3_3_3",2023,8,"utm9","bc_092l072_3_3_3_xyes_8_utm9_20231031_20231031.laz","https://nrs.objectstore.gov.bc.ca/gdwuts/092/092l/2023/pointcloud/bc_092l072_3_3_3_xyes_8_utm9_20231031_20231031.laz"
"P039","092l072_3_3_2",2023,8,"utm9","bc_092l072_3_3_2_xyes_8_utm9_20231031_20231031.laz","https://nrs.objectstore.gov.bc.ca/gdwuts/092/092l/2023/pointcloud/bc_092l072_3_3_2_xyes_8_utm9_20231031_20231031.laz"
"P040","092l041_2_3_1",2019,8,"utm10","bc_092l041_2_3_1_xyes_8_utm10_2019.laz","https://nrs.objectstore.gov.bc.ca/gdwuts/092/092l/2019/pointcloud/bc_092l041_2_3_1_xyes_8_utm10_2019.laz"
"P041","092l041_2_3_4",2019,8,"utm10","bc_092l041_2_3_4_xyes_8_utm10_2019.laz","https://nrs.objectstore.gov.bc.ca/gdwuts/092/092l/2019/pointcloud/bc_092l041_2_3_4_xyes_8_utm10_2019.laz"
"P041","092l041_4_1_2",2019,8,"utm10","bc_092l041_4_1_2_xyes_8_utm10_2019.laz","https://nrs.objectstore.gov.bc.ca/gdwuts/092/092l/2019/pointcloud/bc_092l041_4_1_2_xyes_8_utm10_2019.laz"
"P042","092l057_1_2_1",2019,8,"utm10","bc_092l057_1_2_1_xyes_8_utm10_2019.laz","https://nrs.objectstore.gov.bc.ca/gdwuts/092/092l/2019/pointcloud/bc_092l057_1_2_1_xyes_8_utm10_2019.laz"
"P042","092l057_1_2_3",2019,8,"utm10","bc_092l057_1_2_3_xyes_8_utm10_2019.laz","https://nrs.objectstore.gov.bc.ca/gdwuts/092/092l/2019/pointcloud/bc_092l057_1_2_3_xyes_8_utm10_2019.laz"
"P043","092l057_1_1_4",2019,8,"utm10","bc_092l057_1_1_4_xyes_8_utm10_2019.laz","https://nrs.objectstore.gov.bc.ca/gdwuts/092/092l/2019/pointcloud/bc_092l057_1_1_4_xyes_8_utm10_2019.laz"
"P044","092l051_2_3_2",2019,8,"utm10","bc_092l051_2_3_2_xyes_8_utm10_2019.laz","https://nrs.objectstore.gov.bc.ca/gdwuts/092/092l/2019/pointcloud/bc_092l051_2_3_2_xyes_8_utm10_2019.laz"
"P045","092l052_1_3_4",2023,8,"utm9","bc_092l052_1_3_4_xyes_8_utm9_20231028_20231030.laz","https://nrs.objectstore.gov.bc.ca/gdwuts/092/092l/2023/pointcloud/bc_092l052_1_3_4_xyes_8_utm9_20231028_20231030.laz"
"P045","092l052_3_1_2",2023,8,"utm9","bc_092l052_3_1_2_xyes_8_utm9_20231027_20231030.laz","https://nrs.objectstore.gov.bc.ca/gdwuts/092/092l/2023/pointcloud/bc_092l052_3_1_2_xyes_8_utm9_20231027_20231030.laz"
"P046","092l052_3_2_2",2019,8,"utm10","bc_092l052_3_2_2_xyes_8_utm10_2019.laz","https://nrs.objectstore.gov.bc.ca/gdwuts/092/092l/2019/pointcloud/bc_092l052_3_2_2_xyes_8_utm10_2019.laz"
"P047","092l052_3_1_2",2023,8,"utm9","bc_092l052_3_1_2_xyes_8_utm9_20231027_20231030.laz","https://nrs.objectstore.gov.bc.ca/gdwuts/092/092l/2023/pointcloud/bc_092l052_3_1_2_xyes_8_utm9_20231027_20231030.laz"
"P048","092l051_4_2_1",2019,8,"utm10","bc_092l051_4_2_1_xyes_8_utm10_2019.laz","https://nrs.objectstore.gov.bc.ca/gdwuts/092/092l/2019/pointcloud/bc_092l051_4_2_1_xyes_8_utm10_2019.laz"
"P048","092l051_4_2_2",2019,8,"utm10","bc_092l051_4_2_2_xyes_8_utm10_2019.laz","https://nrs.objectstore.gov.bc.ca/gdwuts/092/092l/2019/pointcloud/bc_092l051_4_2_2_xyes_8_utm10_2019.laz"
"P049","092l052_3_2_3",2019,8,"utm10","bc_092l052_3_2_3_xyes_8_utm10_2019.laz","https://nrs.objectstore.gov.bc.ca/gdwuts/092/092l/2019/pointcloud/bc_092l052_3_2_3_xyes_8_utm10_2019.laz"
"P050","092l052_3_2_4",2019,8,"utm10","bc_092l052_3_2_4_xyes_8_utm10_2019.laz","https://nrs.objectstore.gov.bc.ca/gdwuts/092/092l/2019/pointcloud/bc_092l052_3_2_4_xyes_8_utm10_2019.laz"
"P050","092l052_3_4_2",2019,8,"utm10","bc_092l052_3_4_2_xyes_8_utm10_2019.laz","https://nrs.objectstore.gov.bc.ca/gdwuts/092/092l/2019/pointcloud/bc_092l052_3_4_2_xyes_8_utm10_2019.laz"
"P051","092l062_2_2_1",2019,8,"utm10","bc_092l062_2_2_1_xyes_8_utm10_2019.laz","https://nrs.objectstore.gov.bc.ca/gdwuts/092/092l/2019/pointcloud/bc_092l062_2_2_1_xyes_8_utm10_2019.laz"
"P051","092l062_2_2_3",2019,8,"utm10","bc_092l062_2_2_3_xyes_8_utm10_2019.laz","https://nrs.objectstore.gov.bc.ca/gdwuts/092/092l/2019/pointcloud/bc_092l062_2_2_3_xyes_8_utm10_2019.laz"
"P052","092l072_3_4_1",2023,8,"utm9","bc_092l072_3_4_1_xyes_8_utm9_20231031_20231031.laz","https://nrs.objectstore.gov.bc.ca/gdwuts/092/092l/2023/pointcloud/bc_092l072_3_4_1_xyes_8_utm9_20231031_20231031.laz"
"P053","092k031_4_1_4",2019,8,"utm10","bc_092k031_4_1_4_xyes_8_utm10_2019.laz","https://nrs.objectstore.gov.bc.ca/gdwuts/092/092k/2019/pointcloud/bc_092k031_4_1_4_xyes_8_utm10_2019.laz"
"P053","092k031_4_3_2",2019,8,"utm10","bc_092k031_4_3_2_xyes_8_utm10_2019.laz","https://nrs.objectstore.gov.bc.ca/gdwuts/092/092k/2019/pointcloud/bc_092k031_4_3_2_xyes_8_utm10_2019.laz"
"P054","092k031_4_3_1",2019,8,"utm10","bc_092k031_4_3_1_xyes_8_utm10_2019.laz","https://nrs.objectstore.gov.bc.ca/gdwuts/092/092k/2019/pointcloud/bc_092k031_4_3_1_xyes_8_utm10_2019.laz"
"P055","092k031_4_1_3",2019,8,"utm10","bc_092k031_4_1_3_xyes_8_utm10_2019.laz","https://nrs.objectstore.gov.bc.ca/gdwuts/092/092k/2019/pointcloud/bc_092k031_4_1_3_xyes_8_utm10_2019.laz"
"P055","092k031_4_1_4",2019,8,"utm10","bc_092k031_4_1_4_xyes_8_utm10_2019.laz","https://nrs.objectstore.gov.bc.ca/gdwuts/092/092k/2019/pointcloud/bc_092k031_4_1_4_xyes_8_utm10_2019.laz"
"P056","092l050_2_1_4",2019,8,"utm10","bc_092l050_2_1_4_xyes_8_utm10_2019.laz","https://nrs.objectstore.gov.bc.ca/gdwuts/092/092l/2019/pointcloud/bc_092l050_2_1_4_xyes_8_utm10_2019.laz"
"P056","092l050_2_2_3",2019,8,"utm10","bc_092l050_2_2_3_xyes_8_utm10_2019.laz","https://nrs.objectstore.gov.bc.ca/gdwuts/092/092l/2019/pointcloud/bc_092l050_2_2_3_xyes_8_utm10_2019.laz"
"P057","092l050_2_1_4",2019,8,"utm10","bc_092l050_2_1_4_xyes_8_utm10_2019.laz","https://nrs.objectstore.gov.bc.ca/gdwuts/092/092l/2019/pointcloud/bc_092l050_2_1_4_xyes_8_utm10_2019.laz"
"P057","092l050_2_3_1",2019,8,"utm10","bc_092l050_2_3_1_xyes_8_utm10_2019.laz","https://nrs.objectstore.gov.bc.ca/gdwuts/092/092l/2019/pointcloud/bc_092l050_2_3_1_xyes_8_utm10_2019.laz"
"P057","092l050_2_3_2",2019,8,"utm10","bc_092l050_2_3_2_xyes_8_utm10_2019.laz","https://nrs.objectstore.gov.bc.ca/gdwuts/092/092l/2019/pointcloud/bc_092l050_2_3_2_xyes_8_utm10_2019.laz"
"P058","092l050_2_3_2",2019,8,"utm10","bc_092l050_2_3_2_xyes_8_utm10_2019.laz","https://nrs.objectstore.gov.bc.ca/gdwuts/092/092l/2019/pointcloud/bc_092l050_2_3_2_xyes_8_utm10_2019.laz"
"P058","092l050_2_3_4",2019,8,"utm10","bc_092l050_2_3_4_xyes_8_utm10_2019.laz","https://nrs.objectstore.gov.bc.ca/gdwuts/092/092l/2019/pointcloud/bc_092l050_2_3_4_xyes_8_utm10_2019.laz"
"P059","092l050_2_3_3",2019,8,"utm10","bc_092l050_2_3_3_xyes_8_utm10_2019.laz","https://nrs.objectstore.gov.bc.ca/gdwuts/092/092l/2019/pointcloud/bc_092l050_2_3_3_xyes_8_utm10_2019.laz"
"P059","092l050_2_3_4",2019,8,"utm10","bc_092l050_2_3_4_xyes_8_utm10_2019.laz","https://nrs.objectstore.gov.bc.ca/gdwuts/092/092l/2019/pointcloud/bc_092l050_2_3_4_xyes_8_utm10_2019.laz"
"P060","092l050_2_3_3",2019,8,"utm10","bc_092l050_2_3_3_xyes_8_utm10_2019.laz","https://nrs.objectstore.gov.bc.ca/gdwuts/092/092l/2019/pointcloud/bc_092l050_2_3_3_xyes_8_utm10_2019.laz"
"P061","092l048_3_1_4",2019,8,"utm10","bc_092l048_3_1_4_xyes_8_utm10_2019.laz","https://nrs.objectstore.gov.bc.ca/gdwuts/092/092l/2019/pointcloud/bc_092l048_3_1_4_xyes_8_utm10_2019.laz"
"P061","092l048_3_2_3",2019,8,"utm10","bc_092l048_3_2_3_xyes_8_utm10_2019.laz","https://nrs.objectstore.gov.bc.ca/gdwuts/092/092l/2019/pointcloud/bc_092l048_3_2_3_xyes_8_utm10_2019.laz"
"P062","092l048_3_3_2",2019,8,"utm10","bc_092l048_3_3_2_xyes_8_utm10_2019.laz","https://nrs.objectstore.gov.bc.ca/gdwuts/092/092l/2019/pointcloud/bc_092l048_3_3_2_xyes_8_utm10_2019.laz"
"P063","092f032_3_4_2",2019,8,"utm10","bc_092f032_3_4_2_xyes_8_utm10_2019.laz","https://nrs.objectstore.gov.bc.ca/gdwuts/092/092f/2019/pointcloud/bc_092f032_3_4_2_xyes_8_utm10_2019.laz"
"P063","092f032_4_3_1",2019,8,"utm10","bc_092f032_4_3_1_xyes_8_utm10_2019.laz","https://nrs.objectstore.gov.bc.ca/gdwuts/092/092f/2019/pointcloud/bc_092f032_4_3_1_xyes_8_utm10_2019.laz"
"P064","092l036_1_3_4",2019,8,"utm10","bc_092l036_1_3_4_xyes_8_utm10_2019.laz","https://nrs.objectstore.gov.bc.ca/gdwuts/092/092l/2019/pointcloud/bc_092l036_1_3_4_xyes_8_utm10_2019.laz"
"P065","092l052_3_4_1",2023,8,"utm9","bc_092l052_3_4_1_xyes_8_utm9_20231030_20231031.laz","https://nrs.objectstore.gov.bc.ca/gdwuts/092/092l/2023/pointcloud/bc_092l052_3_4_1_xyes_8_utm9_20231030_20231031.laz"
"P065","092l052_3_2_1",2023,8,"utm9","bc_092l052_3_2_1_xyes_8_utm9_20231027_20231030.laz","https://nrs.objectstore.gov.bc.ca/gdwuts/092/092l/2023/pointcloud/bc_092l052_3_2_1_xyes_8_utm9_20231027_20231030.laz"
"P065","092l052_3_2_3",2023,8,"utm9","bc_092l052_3_2_3_xyes_8_utm9_20231027_20231031.laz","https://nrs.objectstore.gov.bc.ca/gdwuts/092/092l/2023/pointcloud/bc_092l052_3_2_3_xyes_8_utm9_20231027_20231031.laz"
"P066","092l052_3_3_1",2023,8,"utm9","bc_092l052_3_3_1_xyes_8_utm9_20231027_20231031.laz","https://nrs.objectstore.gov.bc.ca/gdwuts/092/092l/2023/pointcloud/bc_092l052_3_3_1_xyes_8_utm9_20231027_20231031.laz"
"P067","092c068_2_3_4",2023,8,"utm10","bc_092c068_2_3_4_xyes_8_utm10_20231001_20231029.laz","https://nrs.objectstore.gov.bc.ca/gdwuts/092/092c/2023/pointcloud/bc_092c068_2_3_4_xyes_8_utm10_20231001_20231029.laz"
"P067","092c068_2_4_3",2023,8,"utm10","bc_092c068_2_4_3_xyes_8_utm10_20231001_20231029.laz","https://nrs.objectstore.gov.bc.ca/gdwuts/092/092c/2023/pointcloud/bc_092c068_2_4_3_xyes_8_utm10_20231001_20231029.laz"
"P068","092f032_4_4_1",2019,8,"utm10","bc_092f032_4_4_1_xyes_8_utm10_2019.laz","https://nrs.objectstore.gov.bc.ca/gdwuts/092/092f/2019/pointcloud/bc_092f032_4_4_1_xyes_8_utm10_2019.laz"
"P069","092f032_4_3_2",2019,8,"utm10","bc_092f032_4_3_2_xyes_8_utm10_2019.laz","https://nrs.objectstore.gov.bc.ca/gdwuts/092/092f/2019/pointcloud/bc_092f032_4_3_2_xyes_8_utm10_2019.laz"
"P069","092f032_4_4_1",2019,8,"utm10","bc_092f032_4_4_1_xyes_8_utm10_2019.laz","https://nrs.objectstore.gov.bc.ca/gdwuts/092/092f/2019/pointcloud/bc_092f032_4_4_1_xyes_8_utm10_2019.laz"
"P070","092f032_3_4_2",2019,8,"utm10","bc_092f032_3_4_2_xyes_8_utm10_2019.laz","https://nrs.objectstore.gov.bc.ca/gdwuts/092/092f/2019/pointcloud/bc_092f032_3_4_2_xyes_8_utm10_2019.laz"
"P070","092f032_4_3_1",2019,8,"utm10","bc_092f032_4_3_1_xyes_8_utm10_2019.laz","https://nrs.objectstore.gov.bc.ca/gdwuts/092/092f/2019/pointcloud/bc_092f032_4_3_1_xyes_8_utm10_2019.laz"
"P071","092l048_3_1_1",2019,8,"utm10","bc_092l048_3_1_1_xyes_8_utm10_2019.laz","https://nrs.objectstore.gov.bc.ca/gdwuts/092/092l/2019/pointcloud/bc_092l048_3_1_1_xyes_8_utm10_2019.laz"
"P072","092l048_3_1_3",2019,8,"utm10","bc_092l048_3_1_3_xyes_8_utm10_2019.laz","https://nrs.objectstore.gov.bc.ca/gdwuts/092/092l/2019/pointcloud/bc_092l048_3_1_3_xyes_8_utm10_2019.laz"
"P072","092l048_3_1_4",2019,8,"utm10","bc_092l048_3_1_4_xyes_8_utm10_2019.laz","https://nrs.objectstore.gov.bc.ca/gdwuts/092/092l/2019/pointcloud/bc_092l048_3_1_4_xyes_8_utm10_2019.laz"
"P073","092l048_3_1_3",2019,8,"utm10","bc_092l048_3_1_3_xyes_8_utm10_2019.laz","https://nrs.objectstore.gov.bc.ca/gdwuts/092/092l/2019/pointcloud/bc_092l048_3_1_3_xyes_8_utm10_2019.laz"
"P073","092l048_3_3_1",2019,8,"utm10","bc_092l048_3_3_1_xyes_8_utm10_2019.laz","https://nrs.objectstore.gov.bc.ca/gdwuts/092/092l/2019/pointcloud/bc_092l048_3_3_1_xyes_8_utm10_2019.laz"
"P074","092l048_3_3_2",2019,8,"utm10","bc_092l048_3_3_2_xyes_8_utm10_2019.laz","https://nrs.objectstore.gov.bc.ca/gdwuts/092/092l/2019/pointcloud/bc_092l048_3_3_2_xyes_8_utm10_2019.laz"
"P075","092l051_2_1_1",2023,8,"utm9","bc_092l051_2_1_1_xyes_8_utm9_20231028_20231028.laz","https://nrs.objectstore.gov.bc.ca/gdwuts/092/092l/2023/pointcloud/bc_092l051_2_1_1_xyes_8_utm9_20231028_20231028.laz"
"P076","092l051_2_1_3",2023,8,"utm9","bc_092l051_2_1_3_xyes_8_utm9_20231028_20231028.laz","https://nrs.objectstore.gov.bc.ca/gdwuts/092/092l/2023/pointcloud/bc_092l051_2_1_3_xyes_8_utm9_20231028_20231028.laz"
"P076","092l051_1_2_4",2023,8,"utm9","bc_092l051_1_2_4_xyes_8_utm9_20231028_20231028.laz","https://nrs.objectstore.gov.bc.ca/gdwuts/092/092l/2023/pointcloud/bc_092l051_1_2_4_xyes_8_utm9_20231028_20231028.laz"
"P076","092l051_2_1_1",2023,8,"utm9","bc_092l051_2_1_1_xyes_8_utm9_20231028_20231028.laz","https://nrs.objectstore.gov.bc.ca/gdwuts/092/092l/2023/pointcloud/bc_092l051_2_1_1_xyes_8_utm9_20231028_20231028.laz"
"P077","092l051_2_1_1",2023,8,"utm9","bc_092l051_2_1_1_xyes_8_utm9_20231028_20231028.laz","https://nrs.objectstore.gov.bc.ca/gdwuts/092/092l/2023/pointcloud/bc_092l051_2_1_1_xyes_8_utm9_20231028_20231028.laz"
"P078","092e050_4_3_2",2019,8,"utm10","bc_092e050_4_3_2_xyes_8_utm10_2019.laz","https://nrs.objectstore.gov.bc.ca/gdwuts/092/092e/2019/pointcloud/bc_092e050_4_3_2_xyes_8_utm10_2019.laz"
"P078","092e050_4_4_1",2019,8,"utm10","bc_092e050_4_4_1_xyes_8_utm10_2019.laz","https://nrs.objectstore.gov.bc.ca/gdwuts/092/092e/2019/pointcloud/bc_092e050_4_4_1_xyes_8_utm10_2019.laz"
"P079","092e050_3_4_2",2019,8,"utm10","bc_092e050_3_4_2_xyes_8_utm10_2019.laz","https://nrs.objectstore.gov.bc.ca/gdwuts/092/092e/2019/pointcloud/bc_092e050_3_4_2_xyes_8_utm10_2019.laz"
"P079","092e050_3_4_4",2019,8,"utm10","bc_092e050_3_4_4_xyes_8_utm10_2019.laz","https://nrs.objectstore.gov.bc.ca/gdwuts/092/092e/2019/pointcloud/bc_092e050_3_4_4_xyes_8_utm10_2019.laz"
"P080","092c076_4_3_1",2023,8,"utm10","bc_092c076_4_3_1_xyes_8_utm10_20231030_20231030.laz","https://nrs.objectstore.gov.bc.ca/gdwuts/092/092c/2023/pointcloud/bc_092c076_4_3_1_xyes_8_utm10_20231030_20231030.laz"
"P081","092c096_1_1_3",2023,8,"utm10","bc_092c096_1_1_3_xyes_8_utm10_20231031_20231031.laz","https://nrs.objectstore.gov.bc.ca/gdwuts/092/092c/2023/pointcloud/bc_092c096_1_1_3_xyes_8_utm10_20231031_20231031.laz"
"P081","092c096_1_1_4",2023,8,"utm10","bc_092c096_1_1_4_xyes_8_utm10_20231031_20231031.laz","https://nrs.objectstore.gov.bc.ca/gdwuts/092/092c/2023/pointcloud/bc_092c096_1_1_4_xyes_8_utm10_20231031_20231031.laz"
"P082","092c067_4_1_1",2023,8,"utm10","bc_092c067_4_1_1_xyes_8_utm10_20231002_20231029.laz","https://nrs.objectstore.gov.bc.ca/gdwuts/092/092c/2023/pointcloud/bc_092c067_4_1_1_xyes_8_utm10_20231002_20231029.laz"
"P083","092c087_1_3_3",2023,8,"utm10","bc_092c087_1_3_3_xyes_8_utm10_20231030_20231030.laz","https://nrs.objectstore.gov.bc.ca/gdwuts/092/092c/2023/pointcloud/bc_092c087_1_3_3_xyes_8_utm10_20231030_20231030.laz"
"P084","092f015_1_3_3",2019,8,"utm10","bc_092f015_1_3_3_xyes_8_utm10_2019.laz","https://nrs.objectstore.gov.bc.ca/gdwuts/092/092f/2019/pointcloud/bc_092f015_1_3_3_xyes_8_utm10_2019.laz"
"P084","092f015_3_1_1",2019,8,"utm10","bc_092f015_3_1_1_xyes_8_utm10_2019.laz","https://nrs.objectstore.gov.bc.ca/gdwuts/092/092f/2019/pointcloud/bc_092f015_3_1_1_xyes_8_utm10_2019.laz"
"P084","092f015_3_1_2",2019,8,"utm10","bc_092f015_3_1_2_xyes_8_utm10_2019.laz","https://nrs.objectstore.gov.bc.ca/gdwuts/092/092f/2019/pointcloud/bc_092f015_3_1_2_xyes_8_utm10_2019.laz"
"P084","092f015_3_1_4",2019,8,"utm10","bc_092f015_3_1_4_xyes_8_utm10_2019.laz","https://nrs.objectstore.gov.bc.ca/gdwuts/092/092f/2019/pointcloud/bc_092f015_3_1_4_xyes_8_utm10_2019.laz"
