"idx","lidar_tiles","lidar_years","lidar_year_max"
1,0,"",NA
2,0,"",NA
3,0,"",NA
4,0,"",NA
5,0,"",NA
6,0,"",NA
7,0,"",NA
8,0,"",NA
9,0,"",NA
10,0,"",NA
11,0,"",NA
12,0,"",NA
13,0,"",NA
14,0,"",NA
15,0,"",NA
16,0,"",NA
17,0,"",NA
18,0,"",NA
19,0,"",NA
20,0,"",NA
21,0,"",NA
22,0,"",NA
23,0,"",NA
24,0,"",NA
25,0,"",NA
26,0,"",NA
27,0,"",NA
28,0,"",NA
29,0,"",NA
30,0,"",NA
31,0,"",NA
32,0,"",NA
33,0,"",NA
34,0,"",NA
35,0,"",NA
36,0,"",NA
37,0,"",NA
38,0,"",NA
39,0,"",NA
40,0,"",NA
41,0,"",NA
42,0,"",NA
43,0,"",NA
44,0,"",NA
45,0,"",NA
46,0,"",NA
47,0,"",NA
48,0,"",NA
49,0,"",NA
50,0,"",NA
51,0,"",NA
52,0,"",NA
53,0,"",NA
54,0,"",NA
55,0,"",NA
56,0,"",NA
57,0,"",NA
58,0,"",NA
59,0,"",NA
60,0,"",NA
61,0,"",NA
62,0,"",NA
63,0,"",NA
64,0,"",NA
65,0,"",NA
66,0,"",NA
67,0,"",NA
68,0,"",NA
69,0,"",NA
70,0,"",NA
71,0,"",NA
72,0,"",NA
73,0,"",NA
74,0,"",NA
75,0,"",NA
76,0,"",NA
77,0,"",NA
78,0,"",NA
79,0,"",NA
80,0,"",NA
81,0,"",NA
82,0,"",NA
83,0,"",NA
84,0,"",NA
85,0,"",NA
86,0,"",NA
87,0,"",NA
88,0,"",NA
89,0,"",NA
90,0,"",NA
91,0,"",NA
92,0,"",NA
93,0,"",NA
94,0,"",NA
95,0,"",NA
96,0,"",NA
97,0,"",NA
98,0,"",NA
99,0,"",NA
100,0,"",NA
101,0,"",NA
102,0,"",NA
103,0,"",NA
104,0,"",NA
105,0,"",NA
106,0,"",NA
107,0,"",NA
108,0,"",NA
109,0,"",NA
110,0,"",NA
111,0,"",NA
112,0,"",NA
113,0,"",NA
114,0,"",NA
115,0,"",NA
116,0,"",NA
117,0,"",NA
118,0,"",NA
119,0,"",NA
120,0,"",NA
121,0,"",NA
122,0,"",NA
123,0,"",NA
124,0,"",NA
125,0,"",NA
126,0,"",NA
127,0,"",NA
128,0,"",NA
129,0,"",NA
130,0,"",NA
131,0,"",NA
132,0,"",NA
133,0,"",NA
134,0,"",NA
135,0,"",NA
136,0,"",NA
137,0,"",NA
138,0,"",NA
139,0,"",NA
140,0,"",NA
141,0,"",NA
142,0,"",NA
143,0,"",NA
144,0,"",NA
145,0,"",NA
146,0,"",NA
147,0,"",NA
148,0,"",NA
149,0,"",NA
150,0,"",NA
151,0,"",NA
152,0,"",NA
153,0,"",NA
154,0,"",NA
155,0,"",NA
156,0,"",NA
157,0,"",NA
158,0,"",NA
159,0,"",NA
160,0,"",NA
161,0,"",NA
162,0,"",NA
163,0,"",NA
164,0,"",NA
165,0,"",NA
166,0,"",NA
167,0,"",NA
168,0,"",NA
169,0,"",NA
170,0,"",NA
171,0,"",NA
172,0,"",NA
173,0,"",NA
174,0,"",NA
175,0,"",NA
176,0,"",NA
177,0,"",NA
178,0,"",NA
179,0,"",NA
180,0,"",NA
181,0,"",NA
182,0,"",NA
183,0,"",NA
184,0,"",NA
185,0,"",NA
186,0,"",NA
187,0,"",NA
188,0,"",NA
189,0,"",NA
190,0,"",NA
191,0,"",NA
192,0,"",NA
193,0,"",NA
194,0,"",NA
195,0,"",NA
196,0,"",NA
197,0,"",NA
198,0,"",NA
199,0,"",NA
200,0,"",NA
201,0,"",NA
202,0,"",NA
203,0,"",NA
204,0,"",NA
205,0,"",NA
206,0,"",NA
207,0,"",NA
208,0,"",NA
209,0,"",NA
210,0,"",NA
211,0,"",NA
212,0,"",NA
213,0,"",NA
214,0,"",NA
215,0,"",NA
216,0,"",NA
217,0,"",NA
218,0,"",NA
219,0,"",NA
220,0,"",NA
221,0,"",NA
222,0,"",NA
223,0,"",NA
224,0,"",NA
225,0,"",NA
226,0,"",NA
227,0,"",NA
228,0,"",NA
229,0,"",NA
230,0,"",NA
231,0,"",NA
232,0,"",NA
233,0,"",NA
234,0,"",NA
235,0,"",NA
236,0,"",NA
237,0,"",NA
238,0,"",NA
239,0,"",NA
240,0,"",NA
241,0,"",NA
242,0,"",NA
243,0,"",NA
244,0,"",NA
245,0,"",NA
246,0,"",NA
247,0,"",NA
248,0,"",NA
249,0,"",NA
250,0,"",NA
251,0,"",NA
252,0,"",NA
253,0,"",NA
254,0,"",NA
255,0,"",NA
256,0,"",NA
257,0,"",NA
258,0,"",NA
259,0,"",NA
260,0,"",NA
261,0,"",NA
262,0,"",NA
263,0,"",NA
264,0,"",NA
265,0,"",NA
266,0,"",NA
267,0,"",NA
268,0,"",NA
269,0,"",NA
270,0,"",NA
271,0,"",NA
272,0,"",NA
273,0,"",NA
274,0,"",NA
275,0,"",NA
276,0,"",NA
277,0,"",NA
278,0,"",NA
279,0,"",NA
280,0,"",NA
281,0,"",NA
282,0,"",NA
283,0,"",NA
284,0,"",NA
285,0,"",NA
286,0,"",NA
287,0,"",NA
288,0,"",NA
289,0,"",NA
290,0,"",NA
291,0,"",NA
292,0,"",NA
293,0,"",NA
294,0,"",NA
295,0,"",NA
296,0,"",NA
297,0,"",NA
298,0,"",NA
299,0,"",NA
300,0,"",NA
301,0,"",NA
302,0,"",NA
303,0,"",NA
304,0,"",NA
305,0,"",NA
306,0,"",NA
307,0,"",NA
308,0,"",NA
309,0,"",NA
310,0,"",NA
311,0,"",NA
312,0,"",NA
313,0,"",NA
314,0,"",NA
315,0,"",NA
316,0,"",NA
317,0,"",NA
318,0,"",NA
319,0,"",NA
320,0,"",NA
321,0,"",NA
322,0,"",NA
323,0,"",NA
324,0,"",NA
325,0,"",NA
326,0,"",NA
327,0,"",NA
328,0,"",NA
329,0,"",NA
330,0,"",NA
331,0,"",NA
332,0,"",NA
333,0,"",NA
334,0,"",NA
335,0,"",NA
336,0,"",NA
337,0,"",NA
338,0,"",NA
339,0,"",NA
340,0,"",NA
341,0,"",NA
342,0,"",NA
343,0,"",NA
344,0,"",NA
345,0,"",NA
346,0,"",NA
347,0,"",NA
348,0,"",NA
349,0,"",NA
350,0,"",NA
351,0,"",NA
352,0,"",NA
353,0,"",NA
354,0,"",NA
355,0,"",NA
356,0,"",NA
357,0,"",NA
358,0,"",NA
359,0,"",NA
360,0,"",NA
361,0,"",NA
362,0,"",NA
363,0,"",NA
364,0,"",NA
365,0,"",NA
366,0,"",NA
367,0,"",NA
368,0,"",NA
369,0,"",NA
370,0,"",NA
371,0,"",NA
372,0,"",NA
373,0,"",NA
374,0,"",NA
375,0,"",NA
376,0,"",NA
377,0,"",NA
378,0,"",NA
379,0,"",NA
380,0,"",NA
381,0,"",NA
382,0,"",NA
383,0,"",NA
384,0,"",NA
385,0,"",NA
386,0,"",NA
387,0,"",NA
388,0,"",NA
389,0,"",NA
390,0,"",NA
391,0,"",NA
392,0,"",NA
393,0,"",NA
394,0,"",NA
395,0,"",NA
396,0,"",NA
397,0,"",NA
398,0,"",NA
399,0,"",NA
400,0,"",NA
401,0,"",NA
402,0,"",NA
403,0,"",NA
404,0,"",NA
405,0,"",NA
406,0,"",NA
407,0,"",NA
408,0,"",NA
409,0,"",NA
410,0,"",NA
411,0,"",NA
412,0,"",NA
413,0,"",NA
414,0,"",NA
415,0,"",NA
416,0,"",NA
417,0,"",NA
418,0,"",NA
419,0,"",NA
420,0,"",NA
421,0,"",NA
422,0,"",NA
423,0,"",NA
424,0,"",NA
425,0,"",NA
426,0,"",NA
427,0,"",NA
428,0,"",NA
429,0,"",NA
430,0,"",NA
431,0,"",NA
432,0,"",NA
433,0,"",NA
434,0,"",NA
435,0,"",NA
436,0,"",NA
437,0,"",NA
438,0,"",NA
439,0,"",NA
440,0,"",NA
441,0,"",NA
442,0,"",NA
443,0,"",NA
444,0,"",NA
445,0,"",NA
446,0,"",NA
447,0,"",NA
448,0,"",NA
449,0,"",NA
450,0,"",NA
451,0,"",NA
452,0,"",NA
453,0,"",NA
454,0,"",NA
455,0,"",NA
456,0,"",NA
457,0,"",NA
458,0,"",NA
459,0,"",NA
460,0,"",NA
461,0,"",NA
462,0,"",NA
463,0,"",NA
464,0,"",NA
465,0,"",NA
466,0,"",NA
467,0,"",NA
468,0,"",NA
469,0,"",NA
470,0,"",NA
471,0,"",NA
472,0,"",NA
473,0,"",NA
474,0,"",NA
475,0,"",NA
476,0,"",NA
477,0,"",NA
478,0,"",NA
479,0,"",NA
480,0,"",NA
481,0,"",NA
482,0,"",NA
483,0,"",NA
484,0,"",NA
485,0,"",NA
486,0,"",NA
487,0,"",NA
488,0,"",NA
489,0,"",NA
490,0,"",NA
491,0,"",NA
492,0,"",NA
493,0,"",NA
494,0,"",NA
495,0,"",NA
496,0,"",NA
497,0,"",NA
498,0,"",NA
499,0,"",NA
500,0,"",NA
501,0,"",NA
502,0,"",NA
503,0,"",NA
504,0,"",NA
505,0,"",NA
506,0,"",NA
507,0,"",NA
508,0,"",NA
509,0,"",NA
510,0,"",NA
511,0,"",NA
512,0,"",NA
513,0,"",NA
514,0,"",NA
515,0,"",NA
516,0,"",NA
517,0,"",NA
518,0,"",NA
519,0,"",NA
520,0,"",NA
521,0,"",NA
522,0,"",NA
523,0,"",NA
524,0,"",NA
525,0,"",NA
526,0,"",NA
527,0,"",NA
528,0,"",NA
529,0,"",NA
530,0,"",NA
531,0,"",NA
532,0,"",NA
533,0,"",NA
534,0,"",NA
535,0,"",NA
536,0,"",NA
537,0,"",NA
538,0,"",NA
539,0,"",NA
540,0,"",NA
541,0,"",NA
542,0,"",NA
543,0,"",NA
544,0,"",NA
545,0,"",NA
546,0,"",NA
547,0,"",NA
548,0,"",NA
549,0,"",NA
550,0,"",NA
551,0,"",NA
552,0,"",NA
553,0,"",NA
554,0,"",NA
555,0,"",NA
556,0,"",NA
557,0,"",NA
558,0,"",NA
559,0,"",NA
560,0,"",NA
561,0,"",NA
562,0,"",NA
563,0,"",NA
564,0,"",NA
565,0,"",NA
566,0,"",NA
567,0,"",NA
568,0,"",NA
569,0,"",NA
570,0,"",NA
571,0,"",NA
572,0,"",NA
573,0,"",NA
574,0,"",NA
575,0,"",NA
576,0,"",NA
577,0,"",NA
578,0,"",NA
579,0,"",NA
580,0,"",NA
581,0,"",NA
582,0,"",NA
583,0,"",NA
584,0,"",NA
585,0,"",NA
586,0,"",NA
587,0,"",NA
588,0,"",NA
589,0,"",NA
590,0,"",NA
591,0,"",NA
592,0,"",NA
593,0,"",NA
594,0,"",NA
595,0,"",NA
596,0,"",NA
597,0,"",NA
598,0,"",NA
599,0,"",NA
600,0,"",NA
601,0,"",NA
602,0,"",NA
603,0,"",NA
604,0,"",NA
605,0,"",NA
606,0,"",NA
607,0,"",NA
608,0,"",NA
609,0,"",NA
610,0,"",NA
611,0,"",NA
612,0,"",NA
613,0,"",NA
614,0,"",NA
615,0,"",NA
616,0,"",NA
617,0,"",NA
618,0,"",NA
619,0,"",NA
620,0,"",NA
621,0,"",NA
622,0,"",NA
623,0,"",NA
624,0,"",NA
625,0,"",NA
626,0,"",NA
627,0,"",NA
628,0,"",NA
629,0,"",NA
630,0,"",NA
631,0,"",NA
632,0,"",NA
633,0,"",NA
634,0,"",NA
635,0,"",NA
636,0,"",NA
637,0,"",NA
638,0,"",NA
639,0,"",NA
640,0,"",NA
641,0,"",NA
642,0,"",NA
643,0,"",NA
644,0,"",NA
645,0,"",NA
646,0,"",NA
647,0,"",NA
648,0,"",NA
649,0,"",NA
650,0,"",NA
651,0,"",NA
652,0,"",NA
653,0,"",NA
654,0,"",NA
655,0,"",NA
656,0,"",NA
657,0,"",NA
658,0,"",NA
659,0,"",NA
660,0,"",NA
661,0,"",NA
662,0,"",NA
663,0,"",NA
664,0,"",NA
665,0,"",NA
666,0,"",NA
667,0,"",NA
668,0,"",NA
669,0,"",NA
670,0,"",NA
671,0,"",NA
672,0,"",NA
673,0,"",NA
674,0,"",NA
675,0,"",NA
676,0,"",NA
677,0,"",NA
678,0,"",NA
679,0,"",NA
680,0,"",NA
681,0,"",NA
682,0,"",NA
683,0,"",NA
684,0,"",NA
685,0,"",NA
686,0,"",NA
687,0,"",NA
688,0,"",NA
689,0,"",NA
690,0,"",NA
691,0,"",NA
692,0,"",NA
693,0,"",NA
694,0,"",NA
695,0,"",NA
696,0,"",NA
697,0,"",NA
698,0,"",NA
699,0,"",NA
700,0,"",NA
701,0,"",NA
702,0,"",NA
703,0,"",NA
704,0,"",NA
705,0,"",NA
706,0,"",NA
707,0,"",NA
708,0,"",NA
709,0,"",NA
710,0,"",NA
711,0,"",NA
712,0,"",NA
713,0,"",NA
714,0,"",NA
715,0,"",NA
716,0,"",NA
717,0,"",NA
718,0,"",NA
719,0,"",NA
720,0,"",NA
721,0,"",NA
722,0,"",NA
723,0,"",NA
724,0,"",NA
725,0,"",NA
726,0,"",NA
727,0,"",NA
728,0,"",NA
729,0,"",NA
730,0,"",NA
731,0,"",NA
732,0,"",NA
733,0,"",NA
734,0,"",NA
735,0,"",NA
736,0,"",NA
737,0,"",NA
738,0,"",NA
739,0,"",NA
740,0,"",NA
741,0,"",NA
742,0,"",NA
743,0,"",NA
744,0,"",NA
745,0,"",NA
746,0,"",NA
747,0,"",NA
748,0,"",NA
749,0,"",NA
750,0,"",NA
751,0,"",NA
752,0,"",NA
753,0,"",NA
754,0,"",NA
755,0,"",NA
756,0,"",NA
757,0,"",NA
758,0,"",NA
759,0,"",NA
760,0,"",NA
761,0,"",NA
762,0,"",NA
763,0,"",NA
764,0,"",NA
765,0,"",NA
766,0,"",NA
767,0,"",NA
768,0,"",NA
769,0,"",NA
770,0,"",NA
771,0,"",NA
772,0,"",NA
773,0,"",NA
774,0,"",NA
775,0,"",NA
776,0,"",NA
777,0,"",NA
778,0,"",NA
779,0,"",NA
780,0,"",NA
781,0,"",NA
782,0,"",NA
783,0,"",NA
784,0,"",NA
785,0,"",NA
786,0,"",NA
787,0,"",NA
788,0,"",NA
789,0,"",NA
790,0,"",NA
791,0,"",NA
792,0,"",NA
793,0,"",NA
794,0,"",NA
795,0,"",NA
796,0,"",NA
797,0,"",NA
798,0,"",NA
799,0,"",NA
800,0,"",NA
801,0,"",NA
802,0,"",NA
803,0,"",NA
804,0,"",NA
805,0,"",NA
806,0,"",NA
807,0,"",NA
808,0,"",NA
809,0,"",NA
810,0,"",NA
811,0,"",NA
812,0,"",NA
813,0,"",NA
814,0,"",NA
815,0,"",NA
816,0,"",NA
817,0,"",NA
818,0,"",NA
819,0,"",NA
820,0,"",NA
821,0,"",NA
822,0,"",NA
823,0,"",NA
824,0,"",NA
825,0,"",NA
826,0,"",NA
827,0,"",NA
828,0,"",NA
829,0,"",NA
830,0,"",NA
831,0,"",NA
832,0,"",NA
833,0,"",NA
834,0,"",NA
835,0,"",NA
836,0,"",NA
837,0,"",NA
838,0,"",NA
839,0,"",NA
840,0,"",NA
841,0,"",NA
842,0,"",NA
843,0,"",NA
844,0,"",NA
845,0,"",NA
846,0,"",NA
847,0,"",NA
848,0,"",NA
849,0,"",NA
850,0,"",NA
851,0,"",NA
852,0,"",NA
853,0,"",NA
854,0,"",NA
855,0,"",NA
856,0,"",NA
857,0,"",NA
858,0,"",NA
859,0,"",NA
860,0,"",NA
861,0,"",NA
862,0,"",NA
863,0,"",NA
864,0,"",NA
865,0,"",NA
866,0,"",NA
867,0,"",NA
868,0,"",NA
869,0,"",NA
870,0,"",NA
871,0,"",NA
872,0,"",NA
873,0,"",NA
874,0,"",NA
875,0,"",NA
876,0,"",NA
877,0,"",NA
878,0,"",NA
879,0,"",NA
880,0,"",NA
881,0,"",NA
882,0,"",NA
883,0,"",NA
884,0,"",NA
885,0,"",NA
886,0,"",NA
887,0,"",NA
888,0,"",NA
889,0,"",NA
890,0,"",NA
891,0,"",NA
892,0,"",NA
893,0,"",NA
894,0,"",NA
895,0,"",NA
896,0,"",NA
897,0,"",NA
898,0,"",NA
899,0,"",NA
900,0,"",NA
901,0,"",NA
902,0,"",NA
903,0,"",NA
904,0,"",NA
905,0,"",NA
906,0,"",NA
907,0,"",NA
908,0,"",NA
909,0,"",NA
910,0,"",NA
911,0,"",NA
912,0,"",NA
913,0,"",NA
914,0,"",NA
915,0,"",NA
916,0,"",NA
917,0,"",NA
918,0,"",NA
919,0,"",NA
920,0,"",NA
921,0,"",NA
922,0,"",NA
923,0,"",NA
924,0,"",NA
925,0,"",NA
926,0,"",NA
927,0,"",NA
928,0,"",NA
929,0,"",NA
930,0,"",NA
931,0,"",NA
932,0,"",NA
933,0,"",NA
934,0,"",NA
935,0,"",NA
936,0,"",NA
937,0,"",NA
938,0,"",NA
939,0,"",NA
940,0,"",NA
941,0,"",NA
942,0,"",NA
943,0,"",NA
944,0,"",NA
945,0,"",NA
946,0,"",NA
947,0,"",NA
948,0,"",NA
949,0,"",NA
950,0,"",NA
951,0,"",NA
952,0,"",NA
953,0,"",NA
954,0,"",NA
955,0,"",NA
956,0,"",NA
957,0,"",NA
958,0,"",NA
959,0,"",NA
960,0,"",NA
961,0,"",NA
962,0,"",NA
963,0,"",NA
964,0,"",NA
965,0,"",NA
966,0,"",NA
967,0,"",NA
968,0,"",NA
969,0,"",NA
970,0,"",NA
971,0,"",NA
972,0,"",NA
973,0,"",NA
974,0,"",NA
975,0,"",NA
976,0,"",NA
977,0,"",NA
978,0,"",NA
979,0,"",NA
980,0,"",NA
981,0,"",NA
982,0,"",NA
983,0,"",NA
984,0,"",NA
985,0,"",NA
986,0,"",NA
987,0,"",NA
988,0,"",NA
989,0,"",NA
990,0,"",NA
991,0,"",NA
992,0,"",NA
993,0,"",NA
994,0,"",NA
995,0,"",NA
996,0,"",NA
997,0,"",NA
998,0,"",NA
999,0,"",NA
1000,0,"",NA
1001,0,"",NA
1002,0,"",NA
1003,0,"",NA
1004,0,"",NA
1005,0,"",NA
1006,0,"",NA
1007,0,"",NA
1008,0,"",NA
1009,0,"",NA
1010,0,"",NA
1011,0,"",NA
1012,0,"",NA
1013,0,"",NA
1014,0,"",NA
1015,0,"",NA
1016,0,"",NA
1017,0,"",NA
1018,0,"",NA
1019,0,"",NA
1020,0,"",NA
1021,0,"",NA
1022,0,"",NA
1023,0,"",NA
1024,0,"",NA
1025,0,"",NA
1026,0,"",NA
1027,0,"",NA
1028,0,"",NA
1029,0,"",NA
1030,0,"",NA
1031,0,"",NA
1032,0,"",NA
1033,0,"",NA
1034,0,"",NA
1035,0,"",NA
1036,0,"",NA
1037,0,"",NA
1038,0,"",NA
1039,0,"",NA
1040,0,"",NA
1041,0,"",NA
1042,0,"",NA
1043,0,"",NA
1044,0,"",NA
1045,0,"",NA
1046,0,"",NA
1047,0,"",NA
1048,0,"",NA
1049,0,"",NA
1050,0,"",NA
1051,0,"",NA
1052,0,"",NA
1053,0,"",NA
1054,0,"",NA
1055,0,"",NA
1056,0,"",NA
1057,0,"",NA
1058,0,"",NA
1059,0,"",NA
1060,0,"",NA
1061,0,"",NA
1062,0,"",NA
1063,0,"",NA
1064,0,"",NA
1065,0,"",NA
1066,0,"",NA
1067,0,"",NA
1068,0,"",NA
1069,0,"",NA
1070,0,"",NA
1071,0,"",NA
1072,0,"",NA
1073,0,"",NA
1074,0,"",NA
1075,0,"",NA
1076,0,"",NA
1077,0,"",NA
1078,0,"",NA
1079,0,"",NA
1080,0,"",NA
1081,0,"",NA
1082,0,"",NA
1083,0,"",NA
1084,0,"",NA
1085,0,"",NA
1086,0,"",NA
1087,0,"",NA
1088,0,"",NA
1089,0,"",NA
1090,0,"",NA
1091,0,"",NA
1092,0,"",NA
1093,0,"",NA
1094,0,"",NA
1095,0,"",NA
1096,0,"",NA
1097,0,"",NA
1098,0,"",NA
1099,0,"",NA
1100,0,"",NA
1101,0,"",NA
1102,0,"",NA
1103,0,"",NA
1104,0,"",NA
1105,0,"",NA
1106,0,"",NA
1107,0,"",NA
1108,0,"",NA
1109,0,"",NA
1110,0,"",NA
1111,0,"",NA
1112,0,"",NA
1113,0,"",NA
1114,0,"",NA
1115,0,"",NA
1116,0,"",NA
1117,0,"",NA
1118,0,"",NA
1119,0,"",NA
1120,0,"",NA
1121,0,"",NA
1122,0,"",NA
1123,0,"",NA
1124,0,"",NA
1125,0,"",NA
1126,0,"",NA
1127,0,"",NA
1128,0,"",NA
1129,0,"",NA
1130,0,"",NA
1131,0,"",NA
1132,0,"",NA
1133,0,"",NA
1134,0,"",NA
1135,0,"",NA
1136,0,"",NA
1137,0,"",NA
1138,0,"",NA
1139,0,"",NA
1140,0,"",NA
1141,0,"",NA
1142,0,"",NA
1143,0,"",NA
1144,0,"",NA
1145,0,"",NA
1146,0,"",NA
1147,0,"",NA
1148,0,"",NA
1149,0,"",NA
1150,0,"",NA
1151,0,"",NA
1152,0,"",NA
1153,0,"",NA
1154,0,"",NA
1155,0,"",NA
1156,0,"",NA
1157,0,"",NA
1158,0,"",NA
1159,0,"",NA
1160,0,"",NA
1161,0,"",NA
1162,0,"",NA
1163,0,"",NA
1164,0,"",NA
1165,0,"",NA
1166,0,"",NA
1167,0,"",NA
1168,0,"",NA
1169,0,"",NA
1170,0,"",NA
1171,0,"",NA
1172,0,"",NA
1173,0,"",NA
1174,0,"",NA
1175,0,"",NA
1176,0,"",NA
1177,0,"",NA
1178,0,"",NA
1179,0,"",NA
1180,0,"",NA
1181,0,"",NA
1182,0,"",NA
1183,0,"",NA
1184,0,"",NA
1185,0,"",NA
1186,0,"",NA
1187,0,"",NA
1188,0,"",NA
1189,0,"",NA
1190,0,"",NA
1191,0,"",NA
1192,0,"",NA
1193,0,"",NA
1194,0,"",NA
1195,0,"",NA
1196,0,"",NA
1197,0,"",NA
1198,0,"",NA
1199,0,"",NA
1200,0,"",NA
1201,0,"",NA
1202,0,"",NA
1203,0,"",NA
1204,0,"",NA
1205,0,"",NA
1206,0,"",NA
1207,0,"",NA
1208,0,"",NA
1209,0,"",NA
1210,0,"",NA
1211,0,"",NA
1212,0,"",NA
1213,0,"",NA
1214,0,"",NA
1215,0,"",NA
1216,0,"",NA
1217,0,"",NA
1218,0,"",NA
1219,0,"",NA
1220,0,"",NA
1221,0,"",NA
1222,0,"",NA
1223,0,"",NA
1224,0,"",NA
1225,0,"",NA
1226,0,"",NA
1227,0,"",NA
1228,0,"",NA
1229,0,"",NA
1230,0,"",NA
1231,0,"",NA
1232,0,"",NA
1233,0,"",NA
1234,0,"",NA
1235,0,"",NA
1236,0,"",NA
1237,0,"",NA
1238,0,"",NA
1239,0,"",NA
1240,0,"",NA
1241,0,"",NA
1242,0,"",NA
1243,0,"",NA
1244,0,"",NA
1245,0,"",NA
1246,0,"",NA
1247,0,"",NA
1248,0,"",NA
1249,0,"",NA
1250,0,"",NA
1251,0,"",NA
1252,0,"",NA
1253,0,"",NA
1254,0,"",NA
1255,0,"",NA
1256,0,"",NA
1257,0,"",NA
1258,0,"",NA
1259,0,"",NA
1260,0,"",NA
1261,0,"",NA
1262,0,"",NA
1263,0,"",NA
1264,0,"",NA
1265,0,"",NA
1266,0,"",NA
1267,0,"",NA
1268,0,"",NA
1269,0,"",NA
1270,0,"",NA
1271,0,"",NA
1272,0,"",NA
1273,0,"",NA
1274,0,"",NA
1275,0,"",NA
1276,0,"",NA
1277,0,"",NA
1278,0,"",NA
1279,0,"",NA
1280,0,"",NA
1281,0,"",NA
1282,0,"",NA
1283,0,"",NA
1284,0,"",NA
1285,0,"",NA
1286,0,"",NA
1287,0,"",NA
1288,0,"",NA
1289,0,"",NA
1290,0,"",NA
1291,0,"",NA
1292,0,"",NA
1293,0,"",NA
1294,0,"",NA
1295,0,"",NA
1296,0,"",NA
1297,0,"",NA
1298,0,"",NA
1299,0,"",NA
1300,0,"",NA
1301,0,"",NA
1302,0,"",NA
1303,0,"",NA
1304,0,"",NA
1305,0,"",NA
1306,0,"",NA
1307,0,"",NA
1308,0,"",NA
1309,0,"",NA
1310,0,"",NA
1311,0,"",NA
1312,0,"",NA
1313,0,"",NA
1314,0,"",NA
1315,0,"",NA
1316,0,"",NA
1317,0,"",NA
1318,0,"",NA
1319,0,"",NA
1320,0,"",NA
1321,0,"",NA
1322,0,"",NA
1323,0,"",NA
1324,0,"",NA
1325,0,"",NA
1326,0,"",NA
1327,0,"",NA
1328,0,"",NA
1329,0,"",NA
1330,0,"",NA
1331,0,"",NA
1332,0,"",NA
1333,0,"",NA
1334,0,"",NA
1335,0,"",NA
1336,0,"",NA
1337,0,"",NA
1338,0,"",NA
1339,0,"",NA
1340,0,"",NA
1341,0,"",NA
1342,0,"",NA
1343,0,"",NA
1344,0,"",NA
1345,0,"",NA
1346,0,"",NA
1347,0,"",NA
1348,0,"",NA
1349,0,"",NA
1350,0,"",NA
1351,0,"",NA
1352,0,"",NA
1353,0,"",NA
1354,0,"",NA
1355,0,"",NA
1356,0,"",NA
1357,0,"",NA
1358,0,"",NA
1359,0,"",NA
1360,0,"",NA
1361,0,"",NA
1362,0,"",NA
1363,0,"",NA
1364,0,"",NA
1365,0,"",NA
1366,0,"",NA
1367,0,"",NA
1368,0,"",NA
1369,0,"",NA
1370,0,"",NA
1371,0,"",NA
1372,0,"",NA
1373,0,"",NA
1374,0,"",NA
1375,0,"",NA
1376,0,"",NA
1377,0,"",NA
1378,0,"",NA
1379,0,"",NA
1380,0,"",NA
1381,0,"",NA
1382,0,"",NA
1383,0,"",NA
1384,0,"",NA
1385,0,"",NA
1386,0,"",NA
1387,0,"",NA
1388,0,"",NA
1389,0,"",NA
1390,0,"",NA
1391,0,"",NA
1392,0,"",NA
1393,0,"",NA
1394,0,"",NA
1395,0,"",NA
1396,0,"",NA
1397,0,"",NA
1398,0,"",NA
1399,0,"",NA
1400,0,"",NA
1401,0,"",NA
1402,0,"",NA
1403,0,"",NA
1404,0,"",NA
1405,0,"",NA
1406,0,"",NA
1407,0,"",NA
1408,0,"",NA
1409,0,"",NA
1410,0,"",NA
1411,0,"",NA
1412,0,"",NA
1413,0,"",NA
1414,0,"",NA
1415,0,"",NA
1416,0,"",NA
1417,0,"",NA
1418,0,"",NA
1419,0,"",NA
1420,0,"",NA
1421,0,"",NA
1422,0,"",NA
1423,0,"",NA
1424,0,"",NA
1425,0,"",NA
1426,0,"",NA
1427,0,"",NA
1428,0,"",NA
1429,0,"",NA
1430,0,"",NA
1431,0,"",NA
1432,0,"",NA
1433,0,"",NA
1434,0,"",NA
1435,0,"",NA
1436,0,"",NA
1437,0,"",NA
1438,0,"",NA
1439,0,"",NA
1440,0,"",NA
1441,0,"",NA
1442,0,"",NA
1443,0,"",NA
1444,0,"",NA
1445,0,"",NA
1446,0,"",NA
1447,0,"",NA
1448,0,"",NA
1449,0,"",NA
1450,0,"",NA
1451,0,"",NA
1452,0,"",NA
1453,0,"",NA
1454,0,"",NA
1455,0,"",NA
1456,0,"",NA
1457,0,"",NA
1458,0,"",NA
1459,0,"",NA
1460,0,"",NA
1461,0,"",NA
1462,0,"",NA
1463,0,"",NA
1464,0,"",NA
1465,0,"",NA
1466,0,"",NA
1467,0,"",NA
1468,0,"",NA
1469,0,"",NA
1470,0,"",NA
1471,0,"",NA
1472,0,"",NA
1473,0,"",NA
1474,0,"",NA
1475,0,"",NA
1476,0,"",NA
1477,0,"",NA
1478,0,"",NA
1479,0,"",NA
1480,0,"",NA
1481,0,"",NA
1482,0,"",NA
1483,0,"",NA
1484,0,"",NA
1485,0,"",NA
1486,0,"",NA
1487,0,"",NA
1488,0,"",NA
1489,0,"",NA
1490,0,"",NA
1491,0,"",NA
1492,0,"",NA
1493,0,"",NA
1494,0,"",NA
1495,0,"",NA
1496,0,"",NA
1497,0,"",NA
1498,0,"",NA
1499,0,"",NA
1500,0,"",NA
1501,0,"",NA
1502,0,"",NA
1503,0,"",NA
1504,0,"",NA
1505,0,"",NA
1506,0,"",NA
1507,0,"",NA
1508,0,"",NA
1509,0,"",NA
1510,0,"",NA
1511,0,"",NA
1512,0,"",NA
1513,0,"",NA
1514,0,"",NA
1515,0,"",NA
1516,0,"",NA
1517,0,"",NA
1518,0,"",NA
1519,0,"",NA
1520,0,"",NA
1521,0,"",NA
1522,0,"",NA
1523,0,"",NA
1524,0,"",NA
1525,0,"",NA
1526,0,"",NA
1527,0,"",NA
1528,0,"",NA
1529,0,"",NA
1530,0,"",NA
1531,0,"",NA
1532,0,"",NA
1533,0,"",NA
1534,0,"",NA
1535,0,"",NA
1536,0,"",NA
1537,0,"",NA
1538,0,"",NA
1539,0,"",NA
1540,0,"",NA
1541,0,"",NA
1542,0,"",NA
1543,0,"",NA
1544,0,"",NA
1545,0,"",NA
1546,0,"",NA
1547,0,"",NA
1548,0,"",NA
1549,0,"",NA
1550,0,"",NA
1551,0,"",NA
1552,0,"",NA
1553,0,"",NA
1554,0,"",NA
1555,0,"",NA
1556,0,"",NA
1557,0,"",NA
1558,0,"",NA
1559,0,"",NA
1560,0,"",NA
1561,0,"",NA
1562,0,"",NA
1563,0,"",NA
1564,0,"",NA
1565,0,"",NA
1566,0,"",NA
1567,0,"",NA
1568,0,"",NA
1569,0,"",NA
1570,0,"",NA
1571,0,"",NA
1572,0,"",NA
1573,0,"",NA
1574,0,"",NA
1575,0,"",NA
1576,0,"",NA
1577,0,"",NA
1578,0,"",NA
1579,0,"",NA
1580,0,"",NA
1581,0,"",NA
1582,0,"",NA
1583,0,"",NA
1584,0,"",NA
1585,0,"",NA
1586,0,"",NA
1587,0,"",NA
1588,0,"",NA
1589,0,"",NA
1590,0,"",NA
1591,0,"",NA
1592,0,"",NA
1593,0,"",NA
1594,0,"",NA
1595,0,"",NA
1596,0,"",NA
1597,0,"",NA
1598,0,"",NA
1599,0,"",NA
1600,0,"",NA
1601,0,"",NA
1602,0,"",NA
1603,0,"",NA
1604,0,"",NA
1605,0,"",NA
1606,0,"",NA
1607,0,"",NA
1608,0,"",NA
1609,0,"",NA
1610,0,"",NA
1611,0,"",NA
1612,0,"",NA
1613,0,"",NA
1614,0,"",NA
1615,0,"",NA
1616,0,"",NA
1617,0,"",NA
1618,0,"",NA
1619,0,"",NA
1620,0,"",NA
1621,0,"",NA
1622,0,"",NA
1623,0,"",NA
1624,0,"",NA
1625,0,"",NA
1626,0,"",NA
1627,0,"",NA
1628,0,"",NA
1629,0,"",NA
1630,0,"",NA
1631,0,"",NA
1632,0,"",NA
1633,0,"",NA
1634,0,"",NA
1635,0,"",NA
1636,0,"",NA
1637,0,"",NA
1638,0,"",NA
1639,0,"",NA
1640,0,"",NA
1641,0,"",NA
1642,0,"",NA
1643,0,"",NA
1644,0,"",NA
1645,0,"",NA
1646,0,"",NA
1647,0,"",NA
1648,0,"",NA
1649,0,"",NA
1650,0,"",NA
1651,0,"",NA
1652,0,"",NA
1653,0,"",NA
1654,0,"",NA
1655,0,"",NA
1656,0,"",NA
1657,0,"",NA
1658,0,"",NA
1659,0,"",NA
1660,0,"",NA
1661,0,"",NA
1662,0,"",NA
1663,0,"",NA
1664,0,"",NA
1665,0,"",NA
1666,0,"",NA
1667,0,"",NA
1668,0,"",NA
1669,0,"",NA
1670,0,"",NA
1671,0,"",NA
1672,0,"",NA
1673,0,"",NA
1674,0,"",NA
1675,0,"",NA
1676,0,"",NA
1677,0,"",NA
1678,0,"",NA
1679,0,"",NA
1680,0,"",NA
1681,0,"",NA
1682,0,"",NA
1683,0,"",NA
1684,0,"",NA
1685,0,"",NA
1686,0,"",NA
1687,0,"",NA
1688,0,"",NA
1689,0,"",NA
1690,0,"",NA
1691,0,"",NA
1692,0,"",NA
1693,0,"",NA
1694,0,"",NA
1695,0,"",NA
1696,0,"",NA
1697,0,"",NA
1698,0,"",NA
1699,0,"",NA
1700,0,"",NA
1701,0,"",NA
1702,0,"",NA
1703,0,"",NA
1704,0,"",NA
1705,0,"",NA
1706,0,"",NA
1707,0,"",NA
1708,0,"",NA
1709,0,"",NA
1710,0,"",NA
1711,0,"",NA
1712,0,"",NA
1713,0,"",NA
1714,0,"",NA
1715,0,"",NA
1716,0,"",NA
1717,0,"",NA
1718,0,"",NA
1719,0,"",NA
1720,0,"",NA
1721,0,"",NA
1722,0,"",NA
1723,0,"",NA
1724,0,"",NA
1725,0,"",NA
1726,0,"",NA
1727,0,"",NA
1728,0,"",NA
1729,0,"",NA
1730,0,"",NA
1731,0,"",NA
1732,0,"",NA
1733,0,"",NA
1734,0,"",NA
1735,0,"",NA
1736,0,"",NA
1737,0,"",NA
1738,0,"",NA
1739,0,"",NA
1740,0,"",NA
1741,0,"",NA
1742,0,"",NA
1743,0,"",NA
1744,0,"",NA
1745,0,"",NA
1746,0,"",NA
1747,0,"",NA
1748,0,"",NA
1749,0,"",NA
1750,0,"",NA
1751,0,"",NA
1752,0,"",NA
1753,0,"",NA
1754,0,"",NA
1755,0,"",NA
1756,0,"",NA
1757,0,"",NA
1758,0,"",NA
1759,0,"",NA
1760,0,"",NA
1761,0,"",NA
1762,0,"",NA
1763,0,"",NA
1764,0,"",NA
1765,0,"",NA
1766,0,"",NA
1767,0,"",NA
1768,0,"",NA
1769,0,"",NA
1770,0,"",NA
1771,0,"",NA
1772,0,"",NA
1773,0,"",NA
1774,0,"",NA
1775,0,"",NA
1776,0,"",NA
1777,0,"",NA
1778,0,"",NA
1779,0,"",NA
1780,0,"",NA
1781,0,"",NA
1782,0,"",NA
1783,0,"",NA
1784,0,"",NA
1785,0,"",NA
1786,0,"",NA
1787,0,"",NA
1788,0,"",NA
1789,0,"",NA
1790,0,"",NA
1791,0,"",NA
1792,0,"",NA
1793,0,"",NA
1794,0,"",NA
1795,0,"",NA
1796,0,"",NA
1797,0,"",NA
1798,0,"",NA
1799,0,"",NA
1800,0,"",NA
1801,0,"",NA
1802,0,"",NA
1803,0,"",NA
1804,0,"",NA
1805,0,"",NA
1806,0,"",NA
1807,0,"",NA
1808,0,"",NA
1809,0,"",NA
1810,0,"",NA
1811,0,"",NA
1812,0,"",NA
1813,0,"",NA
1814,0,"",NA
1815,0,"",NA
1816,0,"",NA
1817,0,"",NA
1818,0,"",NA
1819,0,"",NA
1820,0,"",NA
1821,0,"",NA
1822,0,"",NA
1823,0,"",NA
1824,0,"",NA
1825,0,"",NA
1826,0,"",NA
1827,0,"",NA
1828,0,"",NA
1829,0,"",NA
1830,0,"",NA
1831,0,"",NA
1832,0,"",NA
1833,0,"",NA
1834,0,"",NA
1835,0,"",NA
1836,0,"",NA
1837,0,"",NA
1838,0,"",NA
1839,0,"",NA
1840,0,"",NA
1841,0,"",NA
1842,0,"",NA
1843,0,"",NA
1844,0,"",NA
1845,0,"",NA
1846,0,"",NA
1847,0,"",NA
1848,0,"",NA
1849,0,"",NA
1850,0,"",NA
1851,0,"",NA
1852,0,"",NA
1853,0,"",NA
1854,0,"",NA
1855,0,"",NA
1856,0,"",NA
1857,0,"",NA
1858,0,"",NA
1859,0,"",NA
1860,0,"",NA
1861,0,"",NA
1862,0,"",NA
1863,0,"",NA
1864,0,"",NA
1865,0,"",NA
1866,0,"",NA
1867,0,"",NA
1868,0,"",NA
1869,0,"",NA
1870,0,"",NA
1871,0,"",NA
1872,0,"",NA
1873,0,"",NA
1874,0,"",NA
1875,0,"",NA
1876,0,"",NA
1877,0,"",NA
1878,0,"",NA
1879,0,"",NA
1880,0,"",NA
1881,0,"",NA
1882,0,"",NA
1883,0,"",NA
1884,0,"",NA
1885,0,"",NA
1886,0,"",NA
1887,0,"",NA
1888,0,"",NA
1889,0,"",NA
1890,0,"",NA
1891,0,"",NA
1892,0,"",NA
1893,0,"",NA
1894,0,"",NA
1895,0,"",NA
1896,0,"",NA
1897,0,"",NA
1898,0,"",NA
1899,0,"",NA
1900,0,"",NA
1901,0,"",NA
1902,0,"",NA
1903,0,"",NA
1904,0,"",NA
1905,0,"",NA
1906,0,"",NA
1907,0,"",NA
1908,0,"",NA
1909,0,"",NA
1910,0,"",NA
1911,0,"",NA
1912,0,"",NA
1913,0,"",NA
1914,0,"",NA
1915,0,"",NA
1916,0,"",NA
1917,0,"",NA
1918,0,"",NA
1919,0,"",NA
1920,0,"",NA
1921,0,"",NA
1922,0,"",NA
1923,0,"",NA
1924,0,"",NA
1925,0,"",NA
1926,0,"",NA
1927,0,"",NA
1928,0,"",NA
1929,0,"",NA
1930,0,"",NA
1931,0,"",NA
1932,0,"",NA
1933,0,"",NA
1934,0,"",NA
1935,0,"",NA
1936,0,"",NA
1937,0,"",NA
1938,0,"",NA
1939,0,"",NA
1940,0,"",NA
1941,0,"",NA
1942,0,"",NA
1943,0,"",NA
1944,0,"",NA
1945,0,"",NA
1946,0,"",NA
1947,0,"",NA
1948,0,"",NA
1949,0,"",NA
1950,0,"",NA
1951,0,"",NA
1952,0,"",NA
1953,0,"",NA
1954,0,"",NA
1955,0,"",NA
1956,0,"",NA
1957,0,"",NA
1958,0,"",NA
1959,0,"",NA
1960,0,"",NA
1961,0,"",NA
1962,0,"",NA
1963,0,"",NA
1964,0,"",NA
1965,0,"",NA
1966,0,"",NA
1967,0,"",NA
1968,0,"",NA
1969,0,"",NA
1970,0,"",NA
1971,0,"",NA
1972,0,"",NA
1973,0,"",NA
1974,0,"",NA
1975,0,"",NA
1976,0,"",NA
1977,0,"",NA
1978,0,"",NA
1979,0,"",NA
1980,0,"",NA
1981,0,"",NA
1982,0,"",NA
1983,0,"",NA
1984,0,"",NA
1985,0,"",NA
1986,0,"",NA
1987,0,"",NA
1988,0,"",NA
1989,0,"",NA
1990,0,"",NA
1991,0,"",NA
1992,0,"",NA
1993,0,"",NA
1994,0,"",NA
1995,0,"",NA
1996,0,"",NA
1997,0,"",NA
1998,0,"",NA
1999,0,"",NA
2000,0,"",NA
2001,0,"",NA
2002,0,"",NA
2003,0,"",NA
2004,0,"",NA
2005,0,"",NA
2006,0,"",NA
2007,0,"",NA
2008,0,"",NA
2009,0,"",NA
2010,0,"",NA
2011,0,"",NA
2012,0,"",NA
2013,0,"",NA
2014,0,"",NA
2015,0,"",NA
2016,0,"",NA
2017,0,"",NA
2018,0,"",NA
2019,0,"",NA
2020,0,"",NA
2021,0,"",NA
2022,0,"",NA
2023,0,"",NA
2024,0,"",NA
2025,0,"",NA
2026,0,"",NA
2027,0,"",NA
2028,0,"",NA
2029,0,"",NA
2030,0,"",NA
2031,0,"",NA
2032,0,"",NA
2033,0,"",NA
2034,0,"",NA
2035,0,"",NA
2036,0,"",NA
2037,0,"",NA
2038,0,"",NA
2039,0,"",NA
2040,0,"",NA
2041,0,"",NA
2042,0,"",NA
2043,0,"",NA
2044,0,"",NA
2045,0,"",NA
2046,0,"",NA
2047,0,"",NA
2048,0,"",NA
2049,0,"",NA
2050,0,"",NA
2051,0,"",NA
2052,0,"",NA
2053,0,"",NA
2054,0,"",NA
2055,0,"",NA
2056,0,"",NA
2057,0,"",NA
2058,0,"",NA
2059,0,"",NA
2060,0,"",NA
2061,0,"",NA
2062,0,"",NA
2063,0,"",NA
2064,0,"",NA
2065,0,"",NA
2066,0,"",NA
2067,0,"",NA
2068,0,"",NA
2069,0,"",NA
2070,0,"",NA
2071,0,"",NA
2072,0,"",NA
2073,0,"",NA
2074,0,"",NA
2075,0,"",NA
2076,0,"",NA
2077,0,"",NA
2078,0,"",NA
2079,0,"",NA
2080,0,"",NA
2081,0,"",NA
2082,0,"",NA
2083,0,"",NA
2084,0,"",NA
2085,0,"",NA
2086,0,"",NA
2087,0,"",NA
2088,0,"",NA
2089,0,"",NA
2090,0,"",NA
2091,0,"",NA
2092,0,"",NA
2093,0,"",NA
2094,0,"",NA
2095,0,"",NA
2096,0,"",NA
2097,0,"",NA
2098,0,"",NA
2099,0,"",NA
2100,0,"",NA
2101,0,"",NA
2102,0,"",NA
2103,0,"",NA
2104,0,"",NA
2105,0,"",NA
2106,0,"",NA
2107,0,"",NA
2108,0,"",NA
2109,0,"",NA
2110,0,"",NA
2111,0,"",NA
2112,0,"",NA
2113,0,"",NA
2114,0,"",NA
2115,0,"",NA
2116,0,"",NA
2117,0,"",NA
2118,0,"",NA
2119,0,"",NA
2120,0,"",NA
2121,0,"",NA
2122,0,"",NA
2123,0,"",NA
2124,0,"",NA
2125,0,"",NA
2126,0,"",NA
2127,0,"",NA
2128,0,"",NA
2129,0,"",NA
2130,0,"",NA
2131,0,"",NA
2132,0,"",NA
2133,0,"",NA
2134,0,"",NA
2135,0,"",NA
2136,0,"",NA
2137,0,"",NA
2138,0,"",NA
2139,0,"",NA
2140,0,"",NA
2141,0,"",NA
2142,0,"",NA
2143,0,"",NA
2144,0,"",NA
2145,0,"",NA
2146,0,"",NA
2147,0,"",NA
2148,0,"",NA
2149,0,"",NA
2150,0,"",NA
2151,0,"",NA
2152,0,"",NA
2153,0,"",NA
2154,0,"",NA
2155,0,"",NA
2156,0,"",NA
2157,0,"",NA
2158,0,"",NA
2159,0,"",NA
2160,0,"",NA
2161,0,"",NA
2162,0,"",NA
2163,0,"",NA
2164,0,"",NA
2165,0,"",NA
2166,0,"",NA
2167,0,"",NA
2168,0,"",NA
2169,0,"",NA
2170,0,"",NA
2171,0,"",NA
2172,0,"",NA
2173,0,"",NA
2174,0,"",NA
2175,0,"",NA
2176,0,"",NA
2177,0,"",NA
2178,0,"",NA
2179,0,"",NA
2180,0,"",NA
2181,0,"",NA
2182,0,"",NA
2183,0,"",NA
2184,0,"",NA
2185,0,"",NA
2186,0,"",NA
2187,0,"",NA
2188,0,"",NA
2189,0,"",NA
2190,0,"",NA
2191,0,"",NA
2192,0,"",NA
2193,0,"",NA
2194,0,"",NA
2195,0,"",NA
2196,0,"",NA
2197,0,"",NA
2198,0,"",NA
2199,0,"",NA
2200,0,"",NA
2201,0,"",NA
2202,0,"",NA
2203,0,"",NA
2204,0,"",NA
2205,0,"",NA
2206,0,"",NA
2207,0,"",NA
2208,0,"",NA
2209,0,"",NA
2210,0,"",NA
2211,0,"",NA
2212,0,"",NA
2213,0,"",NA
2214,0,"",NA
2215,0,"",NA
2216,0,"",NA
2217,0,"",NA
2218,0,"",NA
2219,0,"",NA
2220,0,"",NA
2221,0,"",NA
2222,0,"",NA
2223,0,"",NA
2224,0,"",NA
2225,0,"",NA
2226,0,"",NA
2227,0,"",NA
2228,0,"",NA
2229,0,"",NA
2230,0,"",NA
2231,0,"",NA
2232,0,"",NA
2233,0,"",NA
2234,0,"",NA
2235,0,"",NA
2236,0,"",NA
2237,0,"",NA
2238,0,"",NA
2239,0,"",NA
2240,0,"",NA
2241,0,"",NA
2242,0,"",NA
2243,0,"",NA
2244,0,"",NA
2245,0,"",NA
2246,0,"",NA
2247,0,"",NA
2248,0,"",NA
2249,0,"",NA
2250,0,"",NA
2251,0,"",NA
2252,0,"",NA
2253,0,"",NA
2254,0,"",NA
2255,0,"",NA
2256,0,"",NA
2257,0,"",NA
2258,0,"",NA
2259,0,"",NA
2260,0,"",NA
2261,0,"",NA
2262,0,"",NA
2263,0,"",NA
2264,0,"",NA
2265,0,"",NA
2266,0,"",NA
2267,0,"",NA
2268,0,"",NA
2269,0,"",NA
2270,0,"",NA
2271,0,"",NA
2272,0,"",NA
2273,0,"",NA
2274,0,"",NA
2275,0,"",NA
2276,0,"",NA
2277,0,"",NA
2278,0,"",NA
2279,0,"",NA
2280,0,"",NA
2281,0,"",NA
2282,0,"",NA
2283,0,"",NA
2284,0,"",NA
2285,0,"",NA
2286,0,"",NA
2287,0,"",NA
2288,0,"",NA
2289,0,"",NA
2290,0,"",NA
2291,0,"",NA
2292,0,"",NA
2293,0,"",NA
2294,0,"",NA
2295,0,"",NA
2296,0,"",NA
2297,0,"",NA
2298,0,"",NA
2299,0,"",NA
2300,0,"",NA
2301,0,"",NA
2302,0,"",NA
2303,0,"",NA
2304,0,"",NA
2305,0,"",NA
2306,0,"",NA
2307,0,"",NA
2308,0,"",NA
2309,0,"",NA
2310,0,"",NA
2311,0,"",NA
2312,0,"",NA
2313,0,"",NA
2314,0,"",NA
2315,0,"",NA
2316,0,"",NA
2317,0,"",NA
2318,0,"",NA
2319,0,"",NA
2320,0,"",NA
2321,0,"",NA
2322,0,"",NA
2323,0,"",NA
2324,0,"",NA
2325,0,"",NA
2326,0,"",NA
2327,0,"",NA
2328,0,"",NA
2329,0,"",NA
2330,0,"",NA
2331,0,"",NA
2332,0,"",NA
2333,0,"",NA
2334,0,"",NA
2335,0,"",NA
2336,0,"",NA
2337,0,"",NA
2338,0,"",NA
2339,0,"",NA
2340,0,"",NA
2341,0,"",NA
2342,0,"",NA
2343,0,"",NA
2344,0,"",NA
2345,0,"",NA
2346,0,"",NA
2347,0,"",NA
2348,0,"",NA
2349,0,"",NA
2350,0,"",NA
2351,0,"",NA
2352,0,"",NA
2353,0,"",NA
2354,0,"",NA
2355,0,"",NA
2356,0,"",NA
2357,0,"",NA
2358,0,"",NA
2359,0,"",NA
2360,0,"",NA
2361,0,"",NA
2362,0,"",NA
2363,0,"",NA
2364,0,"",NA
2365,0,"",NA
2366,0,"",NA
2367,0,"",NA
2368,0,"",NA
2369,0,"",NA
2370,0,"",NA
2371,0,"",NA
2372,0,"",NA
2373,0,"",NA
2374,0,"",NA
2375,0,"",NA
2376,0,"",NA
2377,0,"",NA
2378,0,"",NA
2379,0,"",NA
2380,0,"",NA
2381,0,"",NA
2382,0,"",NA
2383,0,"",NA
2384,0,"",NA
2385,0,"",NA
2386,0,"",NA
2387,0,"",NA
2388,0,"",NA
2389,0,"",NA
2390,0,"",NA
2391,0,"",NA
2392,0,"",NA
2393,0,"",NA
2394,0,"",NA
2395,0,"",NA
2396,0,"",NA
2397,0,"",NA
2398,0,"",NA
2399,0,"",NA
2400,0,"",NA
2401,0,"",NA
2402,0,"",NA
2403,0,"",NA
2404,0,"",NA
2405,0,"",NA
2406,0,"",NA
2407,0,"",NA
2408,0,"",NA
2409,0,"",NA
2410,0,"",NA
2411,0,"",NA
2412,0,"",NA
2413,0,"",NA
2414,0,"",NA
2415,0,"",NA
2416,0,"",NA
2417,0,"",NA
2418,0,"",NA
2419,0,"",NA
2420,0,"",NA
2421,0,"",NA
2422,0,"",NA
2423,0,"",NA
2424,0,"",NA
2425,0,"",NA
2426,0,"",NA
2427,0,"",NA
2428,0,"",NA
2429,0,"",NA
2430,0,"",NA
2431,0,"",NA
2432,0,"",NA
2433,0,"",NA
2434,0,"",NA
2435,0,"",NA
2436,0,"",NA
2437,0,"",NA
2438,0,"",NA
2439,0,"",NA
2440,0,"",NA
2441,0,"",NA
2442,0,"",NA
2443,0,"",NA
2444,0,"",NA
2445,0,"",NA
2446,0,"",NA
2447,0,"",NA
2448,0,"",NA
2449,0,"",NA
2450,0,"",NA
2451,0,"",NA
2452,0,"",NA
2453,0,"",NA
2454,0,"",NA
2455,0,"",NA
2456,0,"",NA
2457,0,"",NA
2458,0,"",NA
2459,0,"",NA
2460,0,"",NA
2461,0,"",NA
2462,0,"",NA
2463,0,"",NA
2464,0,"",NA
2465,0,"",NA
2466,0,"",NA
2467,0,"",NA
2468,0,"",NA
2469,0,"",NA
2470,0,"",NA
2471,0,"",NA
2472,0,"",NA
2473,0,"",NA
2474,0,"",NA
2475,0,"",NA
2476,0,"",NA
2477,0,"",NA
2478,0,"",NA
2479,0,"",NA
2480,0,"",NA
2481,0,"",NA
2482,0,"",NA
2483,0,"",NA
2484,0,"",NA
2485,0,"",NA
2486,0,"",NA
2487,0,"",NA
2488,0,"",NA
2489,0,"",NA
2490,0,"",NA
2491,0,"",NA
2492,0,"",NA
2493,0,"",NA
2494,0,"",NA
2495,0,"",NA
2496,0,"",NA
2497,0,"",NA
2498,0,"",NA
2499,0,"",NA
2500,0,"",NA
2501,0,"",NA
2502,0,"",NA
2503,0,"",NA
2504,0,"",NA
2505,0,"",NA
2506,0,"",NA
2507,0,"",NA
2508,0,"",NA
2509,0,"",NA
2510,0,"",NA
2511,0,"",NA
2512,0,"",NA
2513,0,"",NA
2514,0,"",NA
2515,0,"",NA
2516,0,"",NA
2517,0,"",NA
2518,0,"",NA
2519,0,"",NA
2520,0,"",NA
2521,0,"",NA
2522,0,"",NA
2523,0,"",NA
2524,0,"",NA
2525,0,"",NA
2526,0,"",NA
2527,0,"",NA
2528,0,"",NA
2529,0,"",NA
2530,0,"",NA
2531,0,"",NA
2532,0,"",NA
2533,0,"",NA
2534,0,"",NA
2535,0,"",NA
2536,0,"",NA
2537,0,"",NA
2538,0,"",NA
2539,0,"",NA
2540,0,"",NA
2541,0,"",NA
2542,0,"",NA
2543,0,"",NA
2544,0,"",NA
2545,0,"",NA
2546,0,"",NA
2547,0,"",NA
2548,0,"",NA
2549,0,"",NA
2550,0,"",NA
2551,0,"",NA
2552,0,"",NA
2553,0,"",NA
2554,0,"",NA
2555,0,"",NA
2556,0,"",NA
2557,0,"",NA
2558,0,"",NA
2559,0,"",NA
2560,0,"",NA
2561,0,"",NA
2562,0,"",NA
2563,0,"",NA
2564,0,"",NA
2565,0,"",NA
2566,0,"",NA
2567,0,"",NA
2568,0,"",NA
2569,0,"",NA
2570,0,"",NA
2571,0,"",NA
2572,0,"",NA
2573,0,"",NA
2574,0,"",NA
2575,0,"",NA
2576,0,"",NA
2577,0,"",NA
2578,0,"",NA
2579,0,"",NA
2580,0,"",NA
2581,0,"",NA
2582,0,"",NA
2583,0,"",NA
2584,0,"",NA
2585,0,"",NA
2586,0,"",NA
2587,0,"",NA
2588,0,"",NA
2589,0,"",NA
2590,0,"",NA
2591,0,"",NA
2592,0,"",NA
2593,0,"",NA
2594,0,"",NA
2595,0,"",NA
2596,0,"",NA
2597,0,"",NA
2598,0,"",NA
2599,0,"",NA
2600,0,"",NA
2601,0,"",NA
2602,0,"",NA
2603,0,"",NA
2604,0,"",NA
2605,0,"",NA
2606,0,"",NA
2607,0,"",NA
2608,0,"",NA
2609,0,"",NA
2610,0,"",NA
2611,0,"",NA
2612,0,"",NA
2613,0,"",NA
2614,0,"",NA
2615,0,"",NA
2616,0,"",NA
2617,0,"",NA
2618,0,"",NA
2619,0,"",NA
2620,0,"",NA
2621,0,"",NA
2622,0,"",NA
2623,0,"",NA
2624,0,"",NA
2625,0,"",NA
2626,0,"",NA
2627,0,"",NA
2628,0,"",NA
2629,0,"",NA
2630,0,"",NA
2631,0,"",NA
2632,0,"",NA
2633,0,"",NA
2634,0,"",NA
2635,0,"",NA
2636,0,"",NA
2637,0,"",NA
2638,0,"",NA
2639,0,"",NA
2640,0,"",NA
2641,0,"",NA
2642,0,"",NA
2643,0,"",NA
2644,0,"",NA
2645,0,"",NA
2646,0,"",NA
2647,0,"",NA
2648,0,"",NA
2649,0,"",NA
2650,0,"",NA
2651,0,"",NA
2652,0,"",NA
2653,0,"",NA
2654,0,"",NA
2655,0,"",NA
2656,0,"",NA
2657,0,"",NA
2658,0,"",NA
2659,0,"",NA
2660,0,"",NA
2661,0,"",NA
2662,0,"",NA
2663,0,"",NA
2664,0,"",NA
2665,0,"",NA
2666,0,"",NA
2667,0,"",NA
2668,0,"",NA
2669,0,"",NA
2670,0,"",NA
2671,0,"",NA
2672,0,"",NA
2673,0,"",NA
2674,0,"",NA
2675,0,"",NA
2676,0,"",NA
2677,0,"",NA
2678,0,"",NA
2679,0,"",NA
2680,0,"",NA
2681,0,"",NA
2682,0,"",NA
2683,0,"",NA
2684,0,"",NA
2685,0,"",NA
2686,0,"",NA
2687,0,"",NA
2688,0,"",NA
2689,0,"",NA
2690,0,"",NA
2691,0,"",NA
2692,0,"",NA
2693,0,"",NA
2694,0,"",NA
2695,0,"",NA
2696,0,"",NA
2697,0,"",NA
2698,0,"",NA
2699,0,"",NA
2700,0,"",NA
2701,0,"",NA
2702,0,"",NA
2703,0,"",NA
2704,0,"",NA
2705,0,"",NA
2706,0,"",NA
2707,0,"",NA
2708,0,"",NA
2709,0,"",NA
2710,0,"",NA
2711,0,"",NA
2712,0,"",NA
2713,0,"",NA
2714,0,"",NA
2715,0,"",NA
2716,0,"",NA
2717,0,"",NA
2718,0,"",NA
2719,0,"",NA
2720,0,"",NA
2721,0,"",NA
2722,0,"",NA
2723,0,"",NA
2724,0,"",NA
2725,0,"",NA
2726,0,"",NA
2727,0,"",NA
2728,0,"",NA
2729,0,"",NA
2730,0,"",NA
2731,0,"",NA
2732,0,"",NA
2733,0,"",NA
2734,0,"",NA
2735,0,"",NA
2736,0,"",NA
2737,0,"",NA
2738,0,"",NA
2739,0,"",NA
2740,0,"",NA
2741,0,"",NA
2742,0,"",NA
2743,0,"",NA
2744,0,"",NA
2745,0,"",NA
2746,0,"",NA
2747,0,"",NA
2748,0,"",NA
2749,0,"",NA
2750,0,"",NA
2751,0,"",NA
2752,0,"",NA
2753,0,"",NA
2754,0,"",NA
2755,0,"",NA
2756,0,"",NA
2757,0,"",NA
2758,0,"",NA
2759,0,"",NA
2760,0,"",NA
2761,0,"",NA
2762,0,"",NA
2763,0,"",NA
2764,0,"",NA
2765,0,"",NA
2766,0,"",NA
2767,0,"",NA
2768,0,"",NA
2769,0,"",NA
2770,0,"",NA
2771,0,"",NA
2772,0,"",NA
2773,0,"",NA
2774,0,"",NA
2775,0,"",NA
2776,0,"",NA
2777,0,"",NA
2778,0,"",NA
2779,0,"",NA
2780,0,"",NA
2781,0,"",NA
2782,0,"",NA
2783,0,"",NA
2784,0,"",NA
2785,0,"",NA
2786,0,"",NA
2787,0,"",NA
2788,0,"",NA
2789,0,"",NA
2790,0,"",NA
2791,0,"",NA
2792,0,"",NA
2793,0,"",NA
2794,0,"",NA
2795,0,"",NA
2796,0,"",NA
2797,0,"",NA
2798,0,"",NA
2799,0,"",NA
2800,0,"",NA
2801,0,"",NA
2802,0,"",NA
2803,0,"",NA
2804,0,"",NA
2805,0,"",NA
2806,0,"",NA
2807,0,"",NA
2808,0,"",NA
2809,0,"",NA
2810,0,"",NA
2811,0,"",NA
2812,0,"",NA
2813,0,"",NA
2814,0,"",NA
2815,0,"",NA
2816,0,"",NA
2817,0,"",NA
2818,0,"",NA
2819,0,"",NA
2820,0,"",NA
2821,0,"",NA
2822,0,"",NA
2823,0,"",NA
2824,0,"",NA
2825,0,"",NA
2826,0,"",NA
2827,0,"",NA
2828,0,"",NA
2829,0,"",NA
2830,0,"",NA
2831,0,"",NA
2832,0,"",NA
2833,0,"",NA
2834,0,"",NA
2835,0,"",NA
2836,0,"",NA
2837,0,"",NA
2838,0,"",NA
2839,0,"",NA
2840,0,"",NA
2841,0,"",NA
2842,0,"",NA
2843,0,"",NA
2844,0,"",NA
2845,0,"",NA
2846,0,"",NA
2847,0,"",NA
2848,0,"",NA
2849,0,"",NA
2850,0,"",NA
2851,0,"",NA
2852,0,"",NA
2853,0,"",NA
2854,0,"",NA
2855,0,"",NA
2856,0,"",NA
2857,0,"",NA
2858,0,"",NA
2859,0,"",NA
2860,0,"",NA
2861,0,"",NA
2862,0,"",NA
2863,0,"",NA
2864,0,"",NA
2865,0,"",NA
2866,0,"",NA
2867,0,"",NA
2868,0,"",NA
2869,0,"",NA
2870,0,"",NA
2871,0,"",NA
2872,0,"",NA
2873,0,"",NA
2874,0,"",NA
2875,0,"",NA
2876,0,"",NA
2877,0,"",NA
2878,0,"",NA
2879,0,"",NA
2880,0,"",NA
2881,0,"",NA
2882,0,"",NA
2883,0,"",NA
2884,0,"",NA
2885,0,"",NA
2886,0,"",NA
2887,0,"",NA
2888,0,"",NA
2889,0,"",NA
2890,0,"",NA
2891,0,"",NA
2892,0,"",NA
2893,0,"",NA
2894,0,"",NA
2895,0,"",NA
2896,0,"",NA
2897,0,"",NA
2898,0,"",NA
2899,0,"",NA
2900,0,"",NA
2901,0,"",NA
2902,0,"",NA
2903,0,"",NA
2904,0,"",NA
2905,0,"",NA
2906,0,"",NA
2907,0,"",NA
2908,0,"",NA
2909,0,"",NA
2910,0,"",NA
2911,0,"",NA
2912,0,"",NA
2913,0,"",NA
2914,0,"",NA
2915,0,"",NA
2916,0,"",NA
2917,0,"",NA
2918,0,"",NA
2919,0,"",NA
2920,0,"",NA
2921,0,"",NA
2922,0,"",NA
2923,0,"",NA
2924,0,"",NA
2925,0,"",NA
2926,0,"",NA
2927,0,"",NA
2928,0,"",NA
2929,0,"",NA
2930,0,"",NA
2931,0,"",NA
2932,0,"",NA
2933,0,"",NA
2934,0,"",NA
2935,0,"",NA
2936,0,"",NA
2937,0,"",NA
2938,0,"",NA
2939,0,"",NA
2940,0,"",NA
2941,0,"",NA
2942,0,"",NA
2943,0,"",NA
2944,0,"",NA
2945,0,"",NA
2946,0,"",NA
2947,0,"",NA
2948,0,"",NA
2949,0,"",NA
2950,0,"",NA
2951,0,"",NA
2952,0,"",NA
2953,0,"",NA
2954,0,"",NA
2955,0,"",NA
2956,0,"",NA
2957,0,"",NA
2958,0,"",NA
2959,0,"",NA
2960,0,"",NA
2961,0,"",NA
2962,0,"",NA
2963,0,"",NA
2964,0,"",NA
2965,0,"",NA
2966,0,"",NA
2967,0,"",NA
2968,0,"",NA
2969,0,"",NA
2970,0,"",NA
2971,0,"",NA
2972,0,"",NA
2973,0,"",NA
2974,0,"",NA
2975,0,"",NA
2976,0,"",NA
2977,0,"",NA
2978,0,"",NA
2979,0,"",NA
2980,0,"",NA
2981,0,"",NA
2982,0,"",NA
2983,0,"",NA
2984,0,"",NA
2985,0,"",NA
2986,0,"",NA
2987,0,"",NA
2988,0,"",NA
2989,0,"",NA
2990,0,"",NA
2991,0,"",NA
2992,0,"",NA
2993,0,"",NA
2994,0,"",NA
2995,0,"",NA
2996,0,"",NA
2997,0,"",NA
2998,0,"",NA
2999,0,"",NA
3000,0,"",NA
3001,0,"",NA
3002,0,"",NA
3003,0,"",NA
3004,0,"",NA
3005,0,"",NA
3006,0,"",NA
3007,0,"",NA
3008,0,"",NA
3009,0,"",NA
3010,0,"",NA
3011,0,"",NA
3012,0,"",NA
3013,0,"",NA
3014,0,"",NA
3015,0,"",NA
3016,0,"",NA
3017,0,"",NA
3018,0,"",NA
3019,0,"",NA
3020,0,"",NA
3021,0,"",NA
3022,0,"",NA
3023,0,"",NA
3024,0,"",NA
3025,0,"",NA
3026,0,"",NA
3027,0,"",NA
3028,0,"",NA
3029,0,"",NA
3030,0,"",NA
3031,0,"",NA
3032,0,"",NA
3033,0,"",NA
3034,0,"",NA
3035,0,"",NA
3036,0,"",NA
3037,0,"",NA
3038,0,"",NA
3039,0,"",NA
3040,0,"",NA
3041,0,"",NA
3042,0,"",NA
3043,0,"",NA
3044,0,"",NA
3045,0,"",NA
3046,0,"",NA
3047,0,"",NA
3048,0,"",NA
3049,0,"",NA
3050,0,"",NA
3051,0,"",NA
3052,0,"",NA
3053,0,"",NA
3054,0,"",NA
3055,0,"",NA
3056,0,"",NA
3057,0,"",NA
3058,0,"",NA
3059,0,"",NA
3060,0,"",NA
3061,0,"",NA
3062,0,"",NA
3063,0,"",NA
3064,0,"",NA
3065,0,"",NA
3066,0,"",NA
3067,0,"",NA
3068,0,"",NA
3069,0,"",NA
3070,0,"",NA
3071,0,"",NA
3072,0,"",NA
3073,0,"",NA
3074,0,"",NA
3075,0,"",NA
3076,0,"",NA
3077,0,"",NA
3078,0,"",NA
3079,0,"",NA
3080,0,"",NA
3081,0,"",NA
3082,0,"",NA
3083,0,"",NA
3084,0,"",NA
3085,0,"",NA
3086,0,"",NA
3087,0,"",NA
3088,0,"",NA
3089,0,"",NA
3090,0,"",NA
3091,0,"",NA
3092,0,"",NA
3093,0,"",NA
3094,0,"",NA
3095,0,"",NA
3096,0,"",NA
3097,0,"",NA
3098,0,"",NA
3099,0,"",NA
3100,0,"",NA
3101,0,"",NA
3102,0,"",NA
3103,0,"",NA
3104,0,"",NA
3105,0,"",NA
3106,0,"",NA
3107,0,"",NA
3108,0,"",NA
3109,0,"",NA
3110,0,"",NA
3111,0,"",NA
3112,0,"",NA
3113,0,"",NA
3114,0,"",NA
3115,0,"",NA
3116,0,"",NA
3117,0,"",NA
3118,0,"",NA
3119,0,"",NA
3120,0,"",NA
3121,0,"",NA
3122,0,"",NA
3123,0,"",NA
3124,0,"",NA
3125,0,"",NA
3126,0,"",NA
3127,0,"",NA
3128,0,"",NA
3129,0,"",NA
3130,0,"",NA
3131,0,"",NA
3132,0,"",NA
3133,0,"",NA
3134,0,"",NA
3135,0,"",NA
3136,0,"",NA
3137,0,"",NA
3138,0,"",NA
3139,0,"",NA
3140,0,"",NA
3141,0,"",NA
3142,0,"",NA
3143,0,"",NA
3144,0,"",NA
3145,0,"",NA
3146,0,"",NA
3147,0,"",NA
3148,0,"",NA
3149,0,"",NA
3150,0,"",NA
3151,0,"",NA
3152,0,"",NA
3153,0,"",NA
3154,0,"",NA
3155,0,"",NA
3156,0,"",NA
3157,0,"",NA
3158,0,"",NA
3159,0,"",NA
3160,0,"",NA
3161,0,"",NA
3162,0,"",NA
3163,0,"",NA
3164,0,"",NA
3165,0,"",NA
3166,0,"",NA
3167,0,"",NA
3168,0,"",NA
3169,0,"",NA
3170,0,"",NA
3171,0,"",NA
3172,0,"",NA
3173,0,"",NA
3174,0,"",NA
3175,0,"",NA
3176,0,"",NA
3177,0,"",NA
3178,0,"",NA
3179,0,"",NA
3180,0,"",NA
3181,0,"",NA
3182,0,"",NA
3183,0,"",NA
3184,0,"",NA
3185,0,"",NA
3186,0,"",NA
3187,0,"",NA
3188,0,"",NA
3189,0,"",NA
3190,0,"",NA
3191,0,"",NA
3192,0,"",NA
3193,0,"",NA
3194,0,"",NA
3195,0,"",NA
3196,0,"",NA
3197,0,"",NA
3198,0,"",NA
3199,0,"",NA
3200,0,"",NA
3201,0,"",NA
3202,0,"",NA
3203,0,"",NA
3204,0,"",NA
3205,0,"",NA
3206,0,"",NA
3207,0,"",NA
3208,0,"",NA
3209,0,"",NA
3210,0,"",NA
3211,0,"",NA
3212,0,"",NA
3213,0,"",NA
3214,0,"",NA
3215,0,"",NA
3216,0,"",NA
3217,0,"",NA
3218,0,"",NA
3219,0,"",NA
3220,0,"",NA
3221,0,"",NA
3222,0,"",NA
3223,0,"",NA
3224,0,"",NA
3225,0,"",NA
3226,0,"",NA
3227,0,"",NA
3228,0,"",NA
3229,0,"",NA
3230,0,"",NA
3231,0,"",NA
3232,0,"",NA
3233,0,"",NA
3234,0,"",NA
3235,0,"",NA
3236,0,"",NA
3237,0,"",NA
3238,0,"",NA
3239,0,"",NA
3240,0,"",NA
3241,0,"",NA
3242,0,"",NA
3243,0,"",NA
3244,0,"",NA
3245,0,"",NA
3246,0,"",NA
3247,0,"",NA
3248,0,"",NA
3249,0,"",NA
3250,0,"",NA
3251,0,"",NA
3252,0,"",NA
3253,0,"",NA
3254,0,"",NA
3255,0,"",NA
3256,0,"",NA
3257,0,"",NA
3258,0,"",NA
3259,0,"",NA
3260,0,"",NA
3261,0,"",NA
3262,0,"",NA
3263,0,"",NA
3264,0,"",NA
3265,0,"",NA
3266,0,"",NA
3267,0,"",NA
3268,0,"",NA
3269,0,"",NA
3270,0,"",NA
3271,0,"",NA
3272,0,"",NA
3273,0,"",NA
3274,0,"",NA
3275,0,"",NA
3276,0,"",NA
3277,0,"",NA
3278,0,"",NA
3279,0,"",NA
3280,0,"",NA
3281,0,"",NA
3282,0,"",NA
3283,0,"",NA
3284,0,"",NA
3285,0,"",NA
3286,0,"",NA
3287,0,"",NA
3288,0,"",NA
3289,0,"",NA
3290,0,"",NA
3291,0,"",NA
3292,0,"",NA
3293,0,"",NA
3294,0,"",NA
3295,0,"",NA
3296,0,"",NA
3297,0,"",NA
3298,0,"",NA
3299,0,"",NA
3300,0,"",NA
3301,0,"",NA
3302,0,"",NA
3303,0,"",NA
3304,0,"",NA
3305,0,"",NA
3306,0,"",NA
3307,0,"",NA
3308,0,"",NA
3309,0,"",NA
3310,0,"",NA
3311,0,"",NA
3312,0,"",NA
3313,0,"",NA
3314,0,"",NA
3315,0,"",NA
3316,0,"",NA
3317,0,"",NA
3318,0,"",NA
3319,0,"",NA
3320,0,"",NA
3321,0,"",NA
3322,0,"",NA
3323,0,"",NA
3324,0,"",NA
3325,0,"",NA
3326,0,"",NA
3327,0,"",NA
3328,0,"",NA
3329,0,"",NA
3330,0,"",NA
3331,0,"",NA
3332,0,"",NA
3333,0,"",NA
3334,0,"",NA
3335,0,"",NA
3336,0,"",NA
3337,0,"",NA
3338,0,"",NA
3339,0,"",NA
3340,0,"",NA
3341,0,"",NA
3342,0,"",NA
3343,0,"",NA
3344,0,"",NA
3345,0,"",NA
3346,0,"",NA
3347,0,"",NA
3348,0,"",NA
3349,0,"",NA
3350,0,"",NA
3351,0,"",NA
3352,0,"",NA
3353,0,"",NA
3354,0,"",NA
3355,0,"",NA
3356,0,"",NA
3357,0,"",NA
3358,0,"",NA
3359,0,"",NA
3360,0,"",NA
3361,0,"",NA
3362,0,"",NA
3363,0,"",NA
3364,0,"",NA
3365,0,"",NA
3366,0,"",NA
3367,0,"",NA
3368,0,"",NA
3369,0,"",NA
3370,0,"",NA
3371,0,"",NA
3372,0,"",NA
3373,0,"",NA
3374,0,"",NA
3375,0,"",NA
3376,0,"",NA
3377,0,"",NA
3378,0,"",NA
3379,0,"",NA
3380,0,"",NA
3381,0,"",NA
3382,0,"",NA
3383,0,"",NA
3384,0,"",NA
3385,0,"",NA
3386,0,"",NA
3387,0,"",NA
3388,0,"",NA
3389,0,"",NA
3390,0,"",NA
3391,0,"",NA
3392,0,"",NA
3393,0,"",NA
3394,0,"",NA
3395,0,"",NA
3396,0,"",NA
3397,0,"",NA
3398,0,"",NA
3399,0,"",NA
3400,0,"",NA
3401,0,"",NA
3402,0,"",NA
3403,0,"",NA
3404,0,"",NA
3405,0,"",NA
3406,0,"",NA
3407,0,"",NA
3408,0,"",NA
3409,0,"",NA
3410,0,"",NA
3411,0,"",NA
3412,0,"",NA
3413,0,"",NA
3414,0,"",NA
3415,0,"",NA
3416,0,"",NA
3417,0,"",NA
3418,0,"",NA
3419,0,"",NA
3420,0,"",NA
3421,0,"",NA
3422,0,"",NA
3423,0,"",NA
3424,0,"",NA
3425,0,"",NA
3426,0,"",NA
3427,0,"",NA
3428,0,"",NA
3429,0,"",NA
3430,0,"",NA
3431,0,"",NA
3432,0,"",NA
3433,0,"",NA
3434,0,"",NA
3435,0,"",NA
3436,0,"",NA
3437,0,"",NA
3438,0,"",NA
3439,0,"",NA
3440,0,"",NA
3441,0,"",NA
3442,0,"",NA
3443,0,"",NA
3444,0,"",NA
3445,0,"",NA
3446,0,"",NA
3447,0,"",NA
3448,0,"",NA
3449,0,"",NA
3450,0,"",NA
3451,0,"",NA
3452,0,"",NA
3453,0,"",NA
3454,0,"",NA
3455,0,"",NA
3456,0,"",NA
3457,0,"",NA
3458,0,"",NA
3459,0,"",NA
3460,0,"",NA
3461,0,"",NA
3462,0,"",NA
3463,0,"",NA
3464,0,"",NA
3465,0,"",NA
3466,0,"",NA
3467,0,"",NA
3468,0,"",NA
3469,0,"",NA
3470,0,"",NA
3471,0,"",NA
3472,0,"",NA
3473,0,"",NA
3474,0,"",NA
3475,0,"",NA
3476,0,"",NA
3477,0,"",NA
3478,0,"",NA
3479,0,"",NA
3480,0,"",NA
3481,0,"",NA
3482,0,"",NA
3483,0,"",NA
3484,0,"",NA
3485,0,"",NA
3486,0,"",NA
3487,0,"",NA
3488,0,"",NA
3489,0,"",NA
3490,0,"",NA
3491,0,"",NA
3492,0,"",NA
3493,0,"",NA
3494,0,"",NA
3495,0,"",NA
3496,0,"",NA
3497,0,"",NA
3498,0,"",NA
3499,0,"",NA
3500,0,"",NA
3501,0,"",NA
3502,0,"",NA
3503,0,"",NA
3504,0,"",NA
3505,0,"",NA
3506,0,"",NA
3507,0,"",NA
3508,0,"",NA
3509,0,"",NA
3510,0,"",NA
3511,0,"",NA
3512,0,"",NA
3513,0,"",NA
3514,0,"",NA
3515,0,"",NA
3516,0,"",NA
3517,0,"",NA
3518,0,"",NA
3519,0,"",NA
3520,0,"",NA
3521,0,"",NA
3522,0,"",NA
3523,0,"",NA
3524,0,"",NA
3525,0,"",NA
3526,0,"",NA
3527,0,"",NA
3528,0,"",NA
3529,0,"",NA
3530,0,"",NA
3531,0,"",NA
3532,0,"",NA
3533,0,"",NA
3534,0,"",NA
3535,0,"",NA
3536,0,"",NA
3537,0,"",NA
3538,0,"",NA
3539,0,"",NA
3540,0,"",NA
3541,0,"",NA
3542,0,"",NA
3543,0,"",NA
3544,0,"",NA
3545,0,"",NA
3546,0,"",NA
3547,0,"",NA
3548,0,"",NA
3549,0,"",NA
3550,0,"",NA
3551,0,"",NA
3552,0,"",NA
3553,0,"",NA
3554,0,"",NA
3555,0,"",NA
3556,0,"",NA
3557,0,"",NA
3558,0,"",NA
3559,0,"",NA
3560,0,"",NA
3561,0,"",NA
3562,0,"",NA
3563,0,"",NA
3564,0,"",NA
3565,0,"",NA
3566,0,"",NA
3567,0,"",NA
3568,0,"",NA
3569,0,"",NA
3570,0,"",NA
3571,0,"",NA
3572,0,"",NA
3573,0,"",NA
3574,0,"",NA
3575,0,"",NA
3576,0,"",NA
3577,0,"",NA
3578,0,"",NA
3579,0,"",NA
3580,0,"",NA
3581,0,"",NA
3582,0,"",NA
3583,0,"",NA
3584,0,"",NA
3585,0,"",NA
3586,0,"",NA
3587,0,"",NA
3588,0,"",NA
3589,0,"",NA
3590,0,"",NA
3591,0,"",NA
3592,0,"",NA
3593,0,"",NA
3594,0,"",NA
3595,0,"",NA
3596,0,"",NA
3597,0,"",NA
3598,0,"",NA
3599,0,"",NA
3600,0,"",NA
3601,0,"",NA
3602,0,"",NA
3603,0,"",NA
3604,0,"",NA
3605,0,"",NA
3606,0,"",NA
3607,0,"",NA
3608,0,"",NA
3609,0,"",NA
3610,0,"",NA
3611,0,"",NA
3612,0,"",NA
3613,0,"",NA
3614,0,"",NA
3615,0,"",NA
3616,0,"",NA
3617,0,"",NA
3618,0,"",NA
3619,0,"",NA
3620,0,"",NA
3621,0,"",NA
3622,0,"",NA
3623,0,"",NA
3624,0,"",NA
3625,0,"",NA
3626,0,"",NA
3627,0,"",NA
3628,0,"",NA
3629,0,"",NA
3630,0,"",NA
3631,0,"",NA
3632,0,"",NA
3633,0,"",NA
3634,0,"",NA
3635,0,"",NA
3636,0,"",NA
3637,0,"",NA
3638,0,"",NA
3639,0,"",NA
3640,0,"",NA
3641,0,"",NA
3642,0,"",NA
3643,0,"",NA
3644,0,"",NA
3645,0,"",NA
3646,0,"",NA
3647,0,"",NA
3648,0,"",NA
3649,0,"",NA
3650,0,"",NA
3651,0,"",NA
3652,0,"",NA
3653,0,"",NA
3654,0,"",NA
3655,0,"",NA
3656,0,"",NA
3657,0,"",NA
3658,0,"",NA
3659,0,"",NA
3660,0,"",NA
3661,0,"",NA
3662,0,"",NA
3663,0,"",NA
3664,0,"",NA
3665,0,"",NA
3666,0,"",NA
3667,0,"",NA
3668,0,"",NA
3669,0,"",NA
3670,0,"",NA
3671,0,"",NA
3672,0,"",NA
3673,0,"",NA
3674,0,"",NA
3675,0,"",NA
3676,0,"",NA
3677,0,"",NA
3678,0,"",NA
3679,0,"",NA
3680,0,"",NA
3681,0,"",NA
3682,0,"",NA
3683,0,"",NA
3684,0,"",NA
3685,0,"",NA
3686,0,"",NA
3687,0,"",NA
3688,0,"",NA
3689,0,"",NA
3690,0,"",NA
3691,0,"",NA
3692,0,"",NA
3693,0,"",NA
3694,0,"",NA
3695,0,"",NA
3696,0,"",NA
3697,0,"",NA
3698,0,"",NA
3699,0,"",NA
3700,0,"",NA
3701,0,"",NA
3702,0,"",NA
3703,0,"",NA
3704,0,"",NA
3705,0,"",NA
3706,0,"",NA
3707,0,"",NA
3708,0,"",NA
3709,0,"",NA
3710,0,"",NA
3711,0,"",NA
3712,0,"",NA
3713,0,"",NA
3714,0,"",NA
3715,0,"",NA
3716,0,"",NA
3717,0,"",NA
3718,0,"",NA
3719,0,"",NA
3720,0,"",NA
3721,0,"",NA
3722,0,"",NA
3723,0,"",NA
3724,0,"",NA
3725,0,"",NA
3726,0,"",NA
3727,0,"",NA
3728,0,"",NA
3729,0,"",NA
3730,0,"",NA
3731,0,"",NA
3732,0,"",NA
3733,0,"",NA
3734,0,"",NA
3735,0,"",NA
3736,0,"",NA
3737,0,"",NA
3738,0,"",NA
3739,0,"",NA
3740,0,"",NA
3741,0,"",NA
3742,0,"",NA
3743,0,"",NA
3744,0,"",NA
3745,0,"",NA
3746,0,"",NA
3747,0,"",NA
3748,0,"",NA
3749,0,"",NA
3750,0,"",NA
3751,0,"",NA
3752,0,"",NA
3753,0,"",NA
3754,0,"",NA
3755,0,"",NA
3756,0,"",NA
3757,0,"",NA
3758,0,"",NA
3759,0,"",NA
3760,0,"",NA
3761,0,"",NA
3762,0,"",NA
3763,0,"",NA
3764,0,"",NA
3765,0,"",NA
3766,0,"",NA
3767,0,"",NA
3768,0,"",NA
3769,0,"",NA
3770,0,"",NA
3771,0,"",NA
3772,0,"",NA
3773,0,"",NA
3774,0,"",NA
3775,0,"",NA
3776,0,"",NA
3777,0,"",NA
3778,0,"",NA
3779,0,"",NA
3780,0,"",NA
3781,0,"",NA
3782,0,"",NA
3783,0,"",NA
3784,0,"",NA
3785,0,"",NA
3786,0,"",NA
3787,0,"",NA
3788,0,"",NA
3789,0,"",NA
3790,0,"",NA
3791,0,"",NA
3792,0,"",NA
3793,0,"",NA
3794,0,"",NA
3795,0,"",NA
3796,0,"",NA
3797,0,"",NA
3798,0,"",NA
3799,0,"",NA
3800,0,"",NA
3801,0,"",NA
3802,0,"",NA
3803,0,"",NA
3804,0,"",NA
3805,0,"",NA
3806,0,"",NA
3807,0,"",NA
3808,0,"",NA
3809,0,"",NA
3810,0,"",NA
3811,0,"",NA
3812,0,"",NA
3813,0,"",NA
3814,0,"",NA
3815,0,"",NA
3816,0,"",NA
3817,0,"",NA
3818,0,"",NA
3819,0,"",NA
3820,0,"",NA
3821,0,"",NA
3822,0,"",NA
3823,0,"",NA
3824,0,"",NA
3825,0,"",NA
3826,0,"",NA
3827,0,"",NA
3828,0,"",NA
3829,0,"",NA
3830,0,"",NA
3831,0,"",NA
3832,0,"",NA
3833,0,"",NA
3834,0,"",NA
3835,0,"",NA
3836,0,"",NA
3837,0,"",NA
3838,0,"",NA
3839,0,"",NA
3840,0,"",NA
3841,0,"",NA
3842,0,"",NA
3843,0,"",NA
3844,0,"",NA
3845,0,"",NA
3846,0,"",NA
3847,0,"",NA
3848,0,"",NA
3849,0,"",NA
3850,0,"",NA
3851,0,"",NA
3852,0,"",NA
3853,0,"",NA
3854,0,"",NA
3855,0,"",NA
3856,0,"",NA
3857,0,"",NA
3858,0,"",NA
3859,0,"",NA
3860,0,"",NA
3861,0,"",NA
3862,0,"",NA
3863,0,"",NA
3864,0,"",NA
3865,0,"",NA
3866,0,"",NA
3867,0,"",NA
3868,0,"",NA
3869,0,"",NA
3870,0,"",NA
3871,0,"",NA
3872,0,"",NA
3873,0,"",NA
3874,0,"",NA
3875,0,"",NA
3876,0,"",NA
3877,0,"",NA
3878,0,"",NA
3879,0,"",NA
3880,0,"",NA
3881,0,"",NA
3882,0,"",NA
3883,0,"",NA
3884,0,"",NA
3885,0,"",NA
3886,0,"",NA
3887,0,"",NA
3888,0,"",NA
3889,0,"",NA
3890,0,"",NA
3891,0,"",NA
3892,0,"",NA
3893,0,"",NA
3894,0,"",NA
3895,0,"",NA
3896,0,"",NA
3897,0,"",NA
3898,0,"",NA
3899,0,"",NA
3900,0,"",NA
3901,0,"",NA
3902,0,"",NA
3903,0,"",NA
3904,0,"",NA
3905,0,"",NA
3906,0,"",NA
3907,0,"",NA
3908,0,"",NA
3909,0,"",NA
3910,0,"",NA
3911,0,"",NA
3912,0,"",NA
3913,0,"",NA
3914,0,"",NA
3915,0,"",NA
3916,0,"",NA
3917,0,"",NA
3918,0,"",NA
3919,0,"",NA
3920,0,"",NA
3921,0,"",NA
3922,0,"",NA
3923,0,"",NA
3924,0,"",NA
3925,0,"",NA
3926,0,"",NA
3927,0,"",NA
3928,0,"",NA
3929,0,"",NA
3930,0,"",NA
3931,0,"",NA
3932,0,"",NA
3933,0,"",NA
3934,0,"",NA
3935,0,"",NA
3936,0,"",NA
3937,0,"",NA
3938,0,"",NA
3939,0,"",NA
3940,0,"",NA
3941,0,"",NA
3942,0,"",NA
3943,0,"",NA
3944,0,"",NA
3945,0,"",NA
3946,0,"",NA
3947,0,"",NA
3948,0,"",NA
3949,0,"",NA
3950,0,"",NA
3951,0,"",NA
3952,0,"",NA
3953,0,"",NA
3954,0,"",NA
3955,0,"",NA
3956,0,"",NA
3957,0,"",NA
3958,0,"",NA
3959,0,"",NA
3960,0,"",NA
3961,0,"",NA
3962,0,"",NA
3963,0,"",NA
3964,0,"",NA
3965,0,"",NA
3966,0,"",NA
3967,0,"",NA
3968,0,"",NA
3969,0,"",NA
3970,0,"",NA
3971,0,"",NA
3972,0,"",NA
3973,0,"",NA
3974,0,"",NA
3975,0,"",NA
3976,0,"",NA
3977,0,"",NA
3978,0,"",NA
3979,0,"",NA
3980,0,"",NA
3981,0,"",NA
3982,0,"",NA
3983,0,"",NA
3984,0,"",NA
3985,0,"",NA
3986,0,"",NA
3987,0,"",NA
3988,0,"",NA
3989,0,"",NA
3990,0,"",NA
3991,0,"",NA
3992,0,"",NA
3993,0,"",NA
3994,0,"",NA
3995,0,"",NA
3996,0,"",NA
3997,0,"",NA
3998,0,"",NA
3999,0,"",NA
4000,0,"",NA
4001,0,"",NA
4002,0,"",NA
4003,0,"",NA
4004,0,"",NA
4005,0,"",NA
4006,0,"",NA
4007,0,"",NA
4008,0,"",NA
4009,0,"",NA
4010,0,"",NA
4011,0,"",NA
4012,0,"",NA
4013,0,"",NA
4014,0,"",NA
4015,0,"",NA
4016,0,"",NA
4017,0,"",NA
4018,0,"",NA
4019,0,"",NA
4020,0,"",NA
4021,0,"",NA
4022,0,"",NA
4023,0,"",NA
4024,0,"",NA
4025,0,"",NA
4026,0,"",NA
4027,0,"",NA
4028,0,"",NA
4029,0,"",NA
4030,0,"",NA
4031,0,"",NA
4032,0,"",NA
4033,0,"",NA
4034,0,"",NA
4035,0,"",NA
4036,0,"",NA
4037,0,"",NA
4038,0,"",NA
4039,0,"",NA
4040,0,"",NA
4041,0,"",NA
4042,0,"",NA
4043,0,"",NA
4044,0,"",NA
4045,0,"",NA
4046,0,"",NA
4047,0,"",NA
4048,0,"",NA
4049,0,"",NA
4050,0,"",NA
4051,0,"",NA
4052,0,"",NA
4053,0,"",NA
4054,0,"",NA
4055,0,"",NA
4056,0,"",NA
4057,0,"",NA
4058,0,"",NA
4059,0,"",NA
4060,0,"",NA
4061,0,"",NA
4062,0,"",NA
4063,0,"",NA
4064,0,"",NA
4065,0,"",NA
4066,0,"",NA
4067,0,"",NA
4068,0,"",NA
4069,0,"",NA
4070,0,"",NA
4071,0,"",NA
4072,0,"",NA
4073,0,"",NA
4074,0,"",NA
4075,0,"",NA
4076,0,"",NA
4077,0,"",NA
4078,0,"",NA
4079,0,"",NA
4080,0,"",NA
4081,0,"",NA
4082,0,"",NA
4083,0,"",NA
4084,0,"",NA
4085,0,"",NA
4086,0,"",NA
4087,0,"",NA
4088,0,"",NA
4089,0,"",NA
4090,0,"",NA
4091,0,"",NA
4092,0,"",NA
4093,0,"",NA
4094,0,"",NA
4095,0,"",NA
4096,0,"",NA
4097,0,"",NA
4098,0,"",NA
4099,0,"",NA
4100,0,"",NA
4101,0,"",NA
4102,0,"",NA
4103,0,"",NA
4104,0,"",NA
4105,0,"",NA
4106,0,"",NA
4107,0,"",NA
4108,0,"",NA
4109,0,"",NA
4110,0,"",NA
4111,0,"",NA
4112,0,"",NA
4113,0,"",NA
4114,0,"",NA
4115,0,"",NA
4116,0,"",NA
4117,0,"",NA
4118,0,"",NA
4119,0,"",NA
4120,0,"",NA
4121,0,"",NA
4122,0,"",NA
4123,0,"",NA
4124,0,"",NA
4125,0,"",NA
4126,0,"",NA
4127,0,"",NA
4128,0,"",NA
4129,0,"",NA
4130,0,"",NA
4131,0,"",NA
4132,0,"",NA
4133,0,"",NA
4134,0,"",NA
4135,0,"",NA
4136,0,"",NA
4137,0,"",NA
4138,0,"",NA
4139,0,"",NA
4140,0,"",NA
4141,0,"",NA
4142,0,"",NA
4143,0,"",NA
4144,0,"",NA
4145,0,"",NA
4146,0,"",NA
4147,0,"",NA
4148,0,"",NA
4149,0,"",NA
4150,0,"",NA
4151,0,"",NA
4152,0,"",NA
4153,0,"",NA
4154,0,"",NA
4155,0,"",NA
4156,0,"",NA
4157,0,"",NA
4158,0,"",NA
4159,0,"",NA
4160,0,"",NA
4161,0,"",NA
4162,0,"",NA
4163,0,"",NA
4164,0,"",NA
4165,0,"",NA
4166,0,"",NA
4167,0,"",NA
4168,0,"",NA
4169,0,"",NA
4170,0,"",NA
4171,0,"",NA
4172,0,"",NA
4173,0,"",NA
4174,0,"",NA
4175,0,"",NA
4176,0,"",NA
4177,0,"",NA
4178,0,"",NA
4179,0,"",NA
4180,0,"",NA
4181,0,"",NA
4182,0,"",NA
4183,0,"",NA
4184,0,"",NA
4185,0,"",NA
4186,0,"",NA
4187,0,"",NA
4188,0,"",NA
4189,0,"",NA
4190,0,"",NA
4191,0,"",NA
4192,0,"",NA
4193,0,"",NA
4194,0,"",NA
4195,0,"",NA
4196,0,"",NA
4197,0,"",NA
4198,0,"",NA
4199,0,"",NA
4200,0,"",NA
4201,0,"",NA
4202,0,"",NA
4203,0,"",NA
4204,0,"",NA
4205,0,"",NA
4206,0,"",NA
4207,0,"",NA
4208,0,"",NA
4209,0,"",NA
4210,0,"",NA
4211,0,"",NA
4212,0,"",NA
4213,0,"",NA
4214,0,"",NA
4215,0,"",NA
4216,0,"",NA
4217,0,"",NA
4218,0,"",NA
4219,0,"",NA
4220,0,"",NA
4221,0,"",NA
4222,0,"",NA
4223,0,"",NA
4224,0,"",NA
4225,0,"",NA
4226,0,"",NA
4227,0,"",NA
4228,0,"",NA
4229,0,"",NA
4230,0,"",NA
4231,0,"",NA
4232,0,"",NA
4233,0,"",NA
4234,0,"",NA
4235,0,"",NA
4236,0,"",NA
4237,0,"",NA
4238,0,"",NA
4239,0,"",NA
4240,0,"",NA
4241,0,"",NA
4242,0,"",NA
4243,0,"",NA
4244,0,"",NA
4245,0,"",NA
4246,0,"",NA
4247,0,"",NA
4248,0,"",NA
4249,0,"",NA
4250,0,"",NA
4251,0,"",NA
4252,0,"",NA
4253,0,"",NA
4254,0,"",NA
4255,0,"",NA
4256,0,"",NA
4257,0,"",NA
4258,0,"",NA
4259,0,"",NA
4260,0,"",NA
4261,0,"",NA
4262,0,"",NA
4263,0,"",NA
4264,0,"",NA
4265,0,"",NA
4266,0,"",NA
4267,0,"",NA
4268,0,"",NA
4269,0,"",NA
4270,0,"",NA
4271,0,"",NA
4272,0,"",NA
4273,0,"",NA
4274,0,"",NA
4275,0,"",NA
4276,0,"",NA
4277,0,"",NA
4278,0,"",NA
4279,0,"",NA
4280,0,"",NA
4281,0,"",NA
4282,0,"",NA
4283,0,"",NA
4284,0,"",NA
4285,0,"",NA
4286,0,"",NA
4287,0,"",NA
4288,0,"",NA
4289,0,"",NA
4290,0,"",NA
4291,0,"",NA
4292,0,"",NA
4293,0,"",NA
4294,0,"",NA
4295,0,"",NA
4296,0,"",NA
4297,0,"",NA
4298,0,"",NA
4299,0,"",NA
4300,0,"",NA
4301,0,"",NA
4302,0,"",NA
4303,0,"",NA
4304,0,"",NA
4305,0,"",NA
4306,0,"",NA
4307,0,"",NA
4308,0,"",NA
4309,0,"",NA
4310,0,"",NA
4311,0,"",NA
4312,0,"",NA
4313,0,"",NA
4314,0,"",NA
4315,0,"",NA
4316,0,"",NA
4317,0,"",NA
4318,0,"",NA
4319,0,"",NA
4320,0,"",NA
4321,0,"",NA
4322,0,"",NA
4323,0,"",NA
4324,0,"",NA
4325,0,"",NA
4326,0,"",NA
4327,0,"",NA
4328,0,"",NA
4329,0,"",NA
4330,0,"",NA
4331,0,"",NA
4332,0,"",NA
4333,0,"",NA
4334,0,"",NA
4335,0,"",NA
4336,0,"",NA
4337,0,"",NA
4338,0,"",NA
4339,0,"",NA
4340,0,"",NA
4341,0,"",NA
4342,0,"",NA
4343,0,"",NA
4344,0,"",NA
4345,0,"",NA
4346,0,"",NA
4347,0,"",NA
4348,0,"",NA
4349,0,"",NA
4350,0,"",NA
4351,0,"",NA
4352,0,"",NA
4353,0,"",NA
4354,0,"",NA
4355,0,"",NA
4356,0,"",NA
4357,0,"",NA
4358,0,"",NA
4359,0,"",NA
4360,0,"",NA
4361,0,"",NA
4362,0,"",NA
4363,0,"",NA
4364,0,"",NA
4365,0,"",NA
4366,0,"",NA
4367,0,"",NA
4368,0,"",NA
4369,0,"",NA
4370,0,"",NA
4371,0,"",NA
4372,0,"",NA
4373,0,"",NA
4374,0,"",NA
4375,0,"",NA
4376,0,"",NA
4377,0,"",NA
4378,0,"",NA
4379,0,"",NA
4380,0,"",NA
4381,0,"",NA
4382,0,"",NA
4383,0,"",NA
4384,0,"",NA
4385,0,"",NA
4386,0,"",NA
4387,0,"",NA
4388,0,"",NA
4389,0,"",NA
4390,0,"",NA
4391,0,"",NA
4392,0,"",NA
4393,0,"",NA
4394,0,"",NA
4395,0,"",NA
4396,0,"",NA
4397,0,"",NA
4398,0,"",NA
4399,0,"",NA
4400,0,"",NA
4401,0,"",NA
4402,0,"",NA
4403,0,"",NA
4404,0,"",NA
4405,0,"",NA
4406,0,"",NA
4407,0,"",NA
4408,0,"",NA
4409,0,"",NA
4410,0,"",NA
4411,0,"",NA
4412,0,"",NA
4413,0,"",NA
4414,0,"",NA
4415,0,"",NA
4416,0,"",NA
4417,0,"",NA
4418,0,"",NA
4419,0,"",NA
4420,0,"",NA
4421,0,"",NA
4422,0,"",NA
4423,0,"",NA
4424,0,"",NA
4425,0,"",NA
4426,0,"",NA
4427,0,"",NA
4428,0,"",NA
4429,0,"",NA
4430,0,"",NA
4431,0,"",NA
4432,0,"",NA
4433,0,"",NA
4434,0,"",NA
4435,0,"",NA
4436,0,"",NA
4437,0,"",NA
4438,0,"",NA
4439,0,"",NA
4440,0,"",NA
4441,0,"",NA
4442,0,"",NA
4443,0,"",NA
4444,0,"",NA
4445,0,"",NA
4446,0,"",NA
4447,0,"",NA
4448,0,"",NA
4449,0,"",NA
4450,0,"",NA
4451,0,"",NA
4452,0,"",NA
4453,0,"",NA
4454,0,"",NA
4455,0,"",NA
4456,0,"",NA
4457,0,"",NA
4458,0,"",NA
4459,0,"",NA
4460,0,"",NA
4461,0,"",NA
4462,0,"",NA
4463,0,"",NA
4464,0,"",NA
4465,0,"",NA
4466,0,"",NA
4467,0,"",NA
4468,0,"",NA
4469,0,"",NA
4470,0,"",NA
4471,0,"",NA
4472,0,"",NA
4473,0,"",NA
4474,0,"",NA
4475,0,"",NA
4476,0,"",NA
4477,0,"",NA
4478,0,"",NA
4479,0,"",NA
4480,0,"",NA
4481,0,"",NA
4482,0,"",NA
4483,0,"",NA
4484,0,"",NA
4485,0,"",NA
4486,0,"",NA
4487,0,"",NA
4488,0,"",NA
4489,0,"",NA
4490,0,"",NA
4491,0,"",NA
4492,0,"",NA
4493,0,"",NA
4494,0,"",NA
4495,0,"",NA
4496,0,"",NA
4497,0,"",NA
4498,0,"",NA
4499,0,"",NA
4500,0,"",NA
4501,0,"",NA
4502,0,"",NA
4503,0,"",NA
4504,0,"",NA
4505,0,"",NA
4506,0,"",NA
4507,0,"",NA
4508,0,"",NA
4509,0,"",NA
4510,0,"",NA
4511,0,"",NA
4512,0,"",NA
4513,0,"",NA
4514,0,"",NA
4515,0,"",NA
4516,0,"",NA
4517,0,"",NA
4518,0,"",NA
4519,0,"",NA
4520,0,"",NA
4521,0,"",NA
4522,0,"",NA
4523,0,"",NA
4524,0,"",NA
4525,0,"",NA
4526,0,"",NA
4527,0,"",NA
4528,0,"",NA
4529,0,"",NA
4530,0,"",NA
4531,0,"",NA
4532,0,"",NA
4533,0,"",NA
4534,0,"",NA
4535,0,"",NA
4536,0,"",NA
4537,0,"",NA
4538,0,"",NA
4539,0,"",NA
4540,0,"",NA
4541,0,"",NA
4542,0,"",NA
4543,0,"",NA
4544,0,"",NA
4545,0,"",NA
4546,0,"",NA
4547,0,"",NA
4548,0,"",NA
4549,0,"",NA
4550,0,"",NA
4551,0,"",NA
4552,0,"",NA
4553,0,"",NA
4554,0,"",NA
4555,0,"",NA
4556,0,"",NA
4557,0,"",NA
4558,0,"",NA
4559,0,"",NA
4560,0,"",NA
4561,0,"",NA
4562,0,"",NA
4563,0,"",NA
4564,0,"",NA
4565,0,"",NA
4566,0,"",NA
4567,0,"",NA
4568,0,"",NA
4569,0,"",NA
4570,0,"",NA
4571,0,"",NA
4572,0,"",NA
4573,0,"",NA
4574,0,"",NA
4575,0,"",NA
4576,0,"",NA
4577,0,"",NA
4578,0,"",NA
4579,0,"",NA
4580,0,"",NA
4581,0,"",NA
4582,0,"",NA
4583,0,"",NA
4584,0,"",NA
4585,0,"",NA
4586,0,"",NA
4587,0,"",NA
4588,0,"",NA
4589,0,"",NA
4590,0,"",NA
4591,0,"",NA
4592,0,"",NA
4593,0,"",NA
4594,0,"",NA
4595,0,"",NA
4596,0,"",NA
4597,0,"",NA
4598,0,"",NA
4599,0,"",NA
4600,0,"",NA
4601,0,"",NA
4602,0,"",NA
4603,0,"",NA
4604,0,"",NA
4605,0,"",NA
4606,0,"",NA
4607,0,"",NA
4608,0,"",NA
4609,0,"",NA
4610,0,"",NA
4611,0,"",NA
4612,0,"",NA
4613,0,"",NA
4614,0,"",NA
4615,0,"",NA
4616,0,"",NA
4617,0,"",NA
4618,0,"",NA
4619,0,"",NA
4620,0,"",NA
4621,0,"",NA
4622,0,"",NA
4623,0,"",NA
4624,0,"",NA
4625,0,"",NA
4626,0,"",NA
4627,0,"",NA
4628,0,"",NA
4629,0,"",NA
4630,0,"",NA
4631,0,"",NA
4632,0,"",NA
4633,0,"",NA
4634,0,"",NA
4635,0,"",NA
4636,0,"",NA
4637,0,"",NA
4638,0,"",NA
4639,0,"",NA
4640,0,"",NA
4641,0,"",NA
4642,0,"",NA
4643,0,"",NA
4644,0,"",NA
4645,0,"",NA
4646,0,"",NA
4647,0,"",NA
4648,0,"",NA
4649,0,"",NA
4650,0,"",NA
4651,0,"",NA
4652,0,"",NA
4653,0,"",NA
4654,0,"",NA
4655,0,"",NA
4656,0,"",NA
4657,0,"",NA
4658,0,"",NA
4659,0,"",NA
4660,0,"",NA
4661,0,"",NA
4662,0,"",NA
4663,0,"",NA
4664,0,"",NA
4665,0,"",NA
4666,0,"",NA
4667,0,"",NA
4668,0,"",NA
4669,0,"",NA
4670,0,"",NA
4671,0,"",NA
4672,0,"",NA
4673,0,"",NA
4674,0,"",NA
4675,0,"",NA
4676,0,"",NA
4677,0,"",NA
4678,0,"",NA
4679,0,"",NA
4680,0,"",NA
4681,0,"",NA
4682,0,"",NA
4683,0,"",NA
4684,0,"",NA
4685,0,"",NA
4686,0,"",NA
4687,0,"",NA
4688,0,"",NA
4689,0,"",NA
4690,0,"",NA
4691,0,"",NA
4692,0,"",NA
4693,0,"",NA
4694,0,"",NA
4695,0,"",NA
4696,0,"",NA
4697,0,"",NA
4698,0,"",NA
4699,0,"",NA
4700,0,"",NA
4701,0,"",NA
4702,0,"",NA
4703,0,"",NA
4704,0,"",NA
4705,0,"",NA
4706,0,"",NA
4707,0,"",NA
4708,0,"",NA
4709,0,"",NA
4710,0,"",NA
4711,0,"",NA
4712,0,"",NA
4713,0,"",NA
4714,0,"",NA
4715,0,"",NA
4716,0,"",NA
4717,0,"",NA
4718,0,"",NA
4719,0,"",NA
4720,0,"",NA
4721,0,"",NA
4722,0,"",NA
4723,0,"",NA
4724,0,"",NA
4725,0,"",NA
4726,0,"",NA
4727,0,"",NA
4728,0,"",NA
4729,0,"",NA
4730,0,"",NA
4731,0,"",NA
4732,0,"",NA
4733,0,"",NA
4734,0,"",NA
4735,0,"",NA
4736,0,"",NA
4737,0,"",NA
4738,0,"",NA
4739,0,"",NA
4740,0,"",NA
4741,0,"",NA
4742,0,"",NA
4743,0,"",NA
4744,0,"",NA
4745,0,"",NA
4746,0,"",NA
4747,0,"",NA
4748,0,"",NA
4749,0,"",NA
4750,0,"",NA
4751,0,"",NA
4752,0,"",NA
4753,0,"",NA
4754,0,"",NA
4755,0,"",NA
4756,0,"",NA
4757,0,"",NA
4758,0,"",NA
4759,0,"",NA
4760,0,"",NA
4761,0,"",NA
4762,0,"",NA
4763,0,"",NA
4764,0,"",NA
4765,0,"",NA
4766,0,"",NA
4767,0,"",NA
4768,0,"",NA
4769,0,"",NA
4770,0,"",NA
4771,0,"",NA
4772,0,"",NA
4773,0,"",NA
4774,0,"",NA
4775,0,"",NA
4776,0,"",NA
4777,0,"",NA
4778,0,"",NA
4779,0,"",NA
4780,0,"",NA
4781,0,"",NA
4782,0,"",NA
4783,0,"",NA
4784,0,"",NA
4785,0,"",NA
4786,0,"",NA
4787,0,"",NA
4788,0,"",NA
4789,0,"",NA
4790,0,"",NA
4791,0,"",NA
4792,0,"",NA
4793,0,"",NA
4794,0,"",NA
4795,0,"",NA
4796,0,"",NA
4797,0,"",NA
4798,0,"",NA
4799,0,"",NA
4800,0,"",NA
4801,0,"",NA
4802,0,"",NA
4803,0,"",NA
4804,0,"",NA
4805,0,"",NA
4806,0,"",NA
4807,0,"",NA
4808,0,"",NA
4809,0,"",NA
4810,0,"",NA
4811,0,"",NA
4812,0,"",NA
4813,0,"",NA
4814,0,"",NA
4815,0,"",NA
4816,0,"",NA
4817,0,"",NA
4818,0,"",NA
4819,0,"",NA
4820,0,"",NA
4821,0,"",NA
4822,0,"",NA
4823,0,"",NA
4824,0,"",NA
4825,0,"",NA
4826,0,"",NA
4827,0,"",NA
4828,0,"",NA
4829,0,"",NA
4830,0,"",NA
4831,0,"",NA
4832,0,"",NA
4833,0,"",NA
4834,0,"",NA
4835,0,"",NA
4836,0,"",NA
4837,0,"",NA
4838,0,"",NA
4839,0,"",NA
4840,0,"",NA
4841,0,"",NA
4842,0,"",NA
4843,0,"",NA
4844,0,"",NA
4845,0,"",NA
4846,0,"",NA
4847,0,"",NA
4848,0,"",NA
4849,0,"",NA
4850,0,"",NA
4851,0,"",NA
4852,0,"",NA
4853,0,"",NA
4854,0,"",NA
4855,0,"",NA
4856,0,"",NA
4857,0,"",NA
4858,0,"",NA
4859,0,"",NA
4860,0,"",NA
4861,0,"",NA
4862,0,"",NA
4863,0,"",NA
4864,0,"",NA
4865,0,"",NA
4866,0,"",NA
4867,0,"",NA
4868,0,"",NA
4869,0,"",NA
4870,0,"",NA
4871,0,"",NA
4872,0,"",NA
4873,0,"",NA
4874,0,"",NA
4875,0,"",NA
4876,0,"",NA
4877,0,"",NA
4878,0,"",NA
4879,0,"",NA
4880,0,"",NA
4881,0,"",NA
4882,0,"",NA
4883,0,"",NA
4884,0,"",NA
4885,0,"",NA
4886,0,"",NA
4887,0,"",NA
4888,0,"",NA
4889,0,"",NA
4890,0,"",NA
4891,0,"",NA
4892,0,"",NA
4893,0,"",NA
4894,0,"",NA
4895,0,"",NA
4896,0,"",NA
4897,0,"",NA
4898,0,"",NA
4899,0,"",NA
4900,0,"",NA
4901,0,"",NA
4902,0,"",NA
4903,0,"",NA
4904,0,"",NA
4905,0,"",NA
4906,0,"",NA
4907,0,"",NA
4908,0,"",NA
4909,0,"",NA
4910,0,"",NA
4911,0,"",NA
4912,0,"",NA
4913,0,"",NA
4914,0,"",NA
4915,0,"",NA
4916,0,"",NA
4917,0,"",NA
4918,0,"",NA
4919,0,"",NA
4920,0,"",NA
4921,0,"",NA
4922,0,"",NA
4923,0,"",NA
4924,0,"",NA
4925,0,"",NA
4926,0,"",NA
4927,0,"",NA
4928,0,"",NA
4929,0,"",NA
4930,0,"",NA
4931,0,"",NA
4932,0,"",NA
4933,0,"",NA
4934,0,"",NA
4935,0,"",NA
4936,0,"",NA
4937,0,"",NA
4938,0,"",NA
4939,0,"",NA
4940,0,"",NA
4941,0,"",NA
4942,0,"",NA
4943,0,"",NA
4944,0,"",NA
4945,0,"",NA
4946,0,"",NA
4947,0,"",NA
4948,0,"",NA
4949,0,"",NA
4950,0,"",NA
4951,0,"",NA
4952,0,"",NA
4953,0,"",NA
4954,0,"",NA
4955,0,"",NA
4956,0,"",NA
4957,0,"",NA
4958,0,"",NA
4959,0,"",NA
4960,0,"",NA
4961,0,"",NA
4962,0,"",NA
4963,0,"",NA
4964,0,"",NA
4965,0,"",NA
4966,0,"",NA
4967,0,"",NA
4968,0,"",NA
4969,0,"",NA
4970,0,"",NA
4971,0,"",NA
4972,0,"",NA
4973,0,"",NA
4974,0,"",NA
4975,0,"",NA
4976,0,"",NA
4977,0,"",NA
4978,0,"",NA
4979,0,"",NA
4980,0,"",NA
4981,0,"",NA
4982,0,"",NA
4983,0,"",NA
4984,0,"",NA
4985,0,"",NA
4986,0,"",NA
4987,0,"",NA
4988,0,"",NA
4989,0,"",NA
4990,0,"",NA
4991,0,"",NA
4992,0,"",NA
4993,0,"",NA
4994,0,"",NA
4995,0,"",NA
4996,0,"",NA
4997,0,"",NA
4998,0,"",NA
4999,0,"",NA
5000,0,"",NA
5001,0,"",NA
5002,0,"",NA
5003,0,"",NA
5004,0,"",NA
5005,0,"",NA
5006,0,"",NA
5007,0,"",NA
5008,0,"",NA
5009,0,"",NA
5010,0,"",NA
5011,0,"",NA
5012,0,"",NA
5013,0,"",NA
5014,0,"",NA
5015,0,"",NA
5016,0,"",NA
5017,0,"",NA
5018,0,"",NA
5019,0,"",NA
5020,0,"",NA
5021,0,"",NA
5022,0,"",NA
5023,0,"",NA
5024,0,"",NA
5025,0,"",NA
5026,0,"",NA
5027,0,"",NA
5028,0,"",NA
5029,0,"",NA
5030,0,"",NA
5031,0,"",NA
5032,0,"",NA
5033,0,"",NA
5034,0,"",NA
5035,0,"",NA
5036,0,"",NA
5037,0,"",NA
5038,0,"",NA
5039,0,"",NA
5040,0,"",NA
5041,0,"",NA
5042,0,"",NA
5043,0,"",NA
5044,0,"",NA
5045,0,"",NA
5046,0,"",NA
5047,0,"",NA
5048,0,"",NA
5049,0,"",NA
5050,0,"",NA
5051,0,"",NA
5052,0,"",NA
5053,0,"",NA
5054,0,"",NA
5055,0,"",NA
5056,0,"",NA
5057,0,"",NA
5058,0,"",NA
5059,0,"",NA
5060,0,"",NA
5061,0,"",NA
5062,0,"",NA
5063,0,"",NA
5064,0,"",NA
5065,0,"",NA
5066,0,"",NA
5067,0,"",NA
5068,0,"",NA
5069,0,"",NA
5070,0,"",NA
5071,0,"",NA
5072,0,"",NA
5073,0,"",NA
5074,0,"",NA
5075,0,"",NA
5076,0,"",NA
5077,0,"",NA
5078,0,"",NA
5079,0,"",NA
5080,0,"",NA
5081,0,"",NA
5082,0,"",NA
5083,0,"",NA
5084,0,"",NA
5085,0,"",NA
5086,0,"",NA
5087,0,"",NA
5088,0,"",NA
5089,0,"",NA
5090,0,"",NA
5091,0,"",NA
5092,0,"",NA
5093,0,"",NA
5094,0,"",NA
5095,0,"",NA
5096,0,"",NA
5097,0,"",NA
5098,0,"",NA
5099,0,"",NA
5100,0,"",NA
5101,0,"",NA
5102,0,"",NA
5103,0,"",NA
5104,0,"",NA
5105,0,"",NA
5106,0,"",NA
5107,0,"",NA
5108,0,"",NA
5109,0,"",NA
5110,0,"",NA
5111,0,"",NA
5112,0,"",NA
5113,0,"",NA
5114,0,"",NA
5115,0,"",NA
5116,0,"",NA
5117,0,"",NA
5118,0,"",NA
5119,0,"",NA
5120,0,"",NA
5121,0,"",NA
5122,0,"",NA
5123,0,"",NA
5124,0,"",NA
5125,0,"",NA
5126,0,"",NA
5127,0,"",NA
5128,0,"",NA
5129,0,"",NA
5130,0,"",NA
5131,0,"",NA
5132,0,"",NA
5133,0,"",NA
5134,0,"",NA
5135,0,"",NA
5136,0,"",NA
5137,0,"",NA
5138,0,"",NA
5139,0,"",NA
5140,0,"",NA
5141,0,"",NA
5142,0,"",NA
5143,0,"",NA
5144,0,"",NA
5145,0,"",NA
5146,0,"",NA
5147,0,"",NA
5148,0,"",NA
5149,0,"",NA
5150,0,"",NA
5151,0,"",NA
5152,0,"",NA
5153,0,"",NA
5154,0,"",NA
5155,0,"",NA
5156,0,"",NA
5157,0,"",NA
