"poly_id","VV_gamma0_mean","VV_gamma0_stdDev","VV_gamma0_count","VH_gamma0_mean","VH_gamma0_stdDev","VH_gamma0_count","VV_tsd_mean","VV_tsd_stdDev","VV_tsd_count","VH_tsd_mean","VH_tsd_stdDev","VH_tsd_count","ALL_count","retained_frac"
"P001",-7.50634579938868,1.85611664847033,2860,-13.9424891370422,1.92513768420085,2860,1.97626712119529,0.224809395059652,2860,2.09170874635236,0.207199454743398,2860,2866,0.9979
"P002",-8.02656103420797,2.15529574467874,2745,-14.4966917584947,2.02367661070192,2745,2.00249480747206,0.232979788714297,2745,2.20818670138682,0.260942921680666,2745,2750,0.9982
"P003",-7.18383608635604,1.24099361569372,680,-13.6057425698173,1.19271064827723,680,1.94770484172432,0.123283602129753,680,2.12000321252822,0.156273782489879,680,680,1
"P004",-6.67209065140834,2.39957505017265,2561,-13.2280915988265,2.24430660118914,2561,2.18568799148852,0.465514157767123,2561,2.34138149512895,0.424054595544576,2561,2561,1
"P005",-6.73805811631679,1.61581476711296,5662,-12.9839286106669,1.56312983264291,5662,1.94609204946697,0.116367894198575,5662,2.04148654015878,0.128636664506852,5662,5662,1
"P006",-6.73369635685498,1.42787171406931,1341,-13.1134500941228,1.52808146540516,1341,1.96745910397033,0.146103592106883,1341,2.05815241273911,0.153109062213201,1341,1341,1
"P007",-7.89841811484877,1.74647837089588,599,-14.4344651908798,1.64715606426886,599,2.00613758724361,0.181470565173609,599,2.1996338664267,0.195401870995315,599,599,1
"P008",-9.7640651769712,2.25627070206572,532,-15.9049285206517,2.10273496878832,532,2.14251459666492,0.408281585137651,532,2.34106059180368,0.411674165999325,532,532,1
"P009",-8.72853400128513,1.81248050672622,1109,-14.863343761186,1.68556477321935,1109,2.04699529836364,0.254900616308566,1109,2.29083406654166,0.337795180570287,1109,1109,1
"P010",-7.81436316304698,1.17360924687618,1007,-13.9768280770298,1.08799248264776,1007,1.92243952793079,0.203954467713353,1007,2.01603077741167,0.200863600380338,1007,1007,1
"P011",-7.64914959411008,1.24905216190143,374,-13.6993167805121,1.16872563141117,374,1.93312588258775,0.127890462020722,374,2.02492226531194,0.134241386247975,374,374,1
"P012",-8.06700564269861,1.36601822383082,672,-14.7709729073014,1.34378193080209,672,2.36160642601728,0.415478098381455,672,2.53961104772462,0.418570919602172,672,672,1
"P013",-8.03137607525356,2.02639326981309,1337,-14.1425311796968,1.85197774477621,1337,2.04017684159114,0.43004501679816,1337,2.2061822505133,0.455791899542598,1337,1337,1
"P014",-7.09536821793553,0.869712346480108,1444,-13.2454122805851,0.797533078993357,1444,1.91401717789583,0.155258546689368,1444,2.01240981943421,0.158058524638972,1444,1444,1
"P015",-6.76796096895841,1.10318714164492,12321,-13.2857402435902,1.05499479410714,12321,1.88149434019681,0.13069807314604,12321,1.96166678468341,0.150202705150543,12321,12321,1
"P016",-6.60650688617061,0.94475466644383,368,-12.8455633422903,0.92899994785543,368,1.8718395721208,0.124485290420543,368,1.97034219731856,0.131800531628795,368,368,1
"P017",-6.24755318571151,1.70838866895671,1573,-12.8587187459044,1.58824190357216,1573,2.26153395539789,0.649605939096541,1573,2.35720393572191,0.517728915408533,1573,1573,1
"P018",-7.65535830657742,1.55255051225424,14150,-13.8976911885978,1.51970827592147,14150,2.06604367722462,0.29247252580277,14150,2.24948061223559,0.291648613302796,14150,14174,0.9983
"P019",-8.34291774937165,1.57543236793538,7910,-14.849676727597,1.47480514460578,7910,2.15476054947204,0.213763657204032,7910,2.37044070027574,0.211480194114782,7910,7914,0.9995
"P020",-6.96265795711411,2.29264122044526,4176,-13.3795964998555,2.25909626195331,4176,2.45392240245688,0.61073476496328,4176,2.64888987938085,0.503614236978726,4176,4222,0.9891
"P021",-8.38420489290147,1.38693600540493,2835,-14.8068295057515,1.25754618428278,2835,2.24843470106409,0.301617168728834,2835,2.46622932836061,0.2827895985358,2835,2835,1
"P022",-7.13009059984902,1.36965091567915,4154,-13.4969726913202,1.43241948894551,4154,2.10561289865408,0.286419099776321,4154,2.32235882300057,0.256601444194841,4154,4154,1
"P023",-7.27523313274273,4.21569220273699,322,-13.6520953587549,4.03138619496916,322,2.24373179115363,0.439313777067704,322,2.36207464134923,0.311231377092011,322,322,1
"P024",-7.96142762800052,2.8081600883627,1742,-14.3892990452528,2.7400803173089,1742,2.05657118195944,0.23301108992904,1742,2.2066099882629,0.233955198581833,1742,1742,1
"P025",-7.41321978350028,2.99247018321017,2925,-13.9205692647617,2.97575339623331,2925,2.12594809766303,0.503076158080167,2925,2.32718130513519,0.542122995518546,2925,2941,0.9946
"P026",-3.06582837810405,2.65266510934508,231,-9.76944517628005,2.6840258884158,231,2.12209775751735,0.527912776562042,231,2.36001186576886,0.593188417446978,231,234,0.9872
"P027",-6.77429174503449,0.648189301871479,238,-13.0891304009219,0.71325323829171,238,1.95904616268546,0.121906319130786,238,2.07838685912279,0.123016477423873,238,238,1
"P028",-6.40681312626911,1.83165449678048,388,-12.5845961026739,1.70619929002165,388,2.03707784019048,0.250214125235706,388,2.15250020798612,0.281217829295725,388,388,1
"P029",-7.51359707637971,1.15774656176911,207,-13.7778522257141,1.07353947952741,207,2.00269431460976,0.125328086483694,207,2.11974151033449,0.122591350583187,207,207,1
"P030",-7.17901461261518,0.587959825859432,549,-13.6008729757822,0.690277236358927,549,1.94387584366066,0.111182971471034,549,2.03313033917263,0.123254718490301,549,549,1
"P031",-7.14563917670972,0.75553354719703,251,-13.5990882543084,0.792954022722483,251,2.0333077908141,0.19137079127407,251,2.19393614613981,0.262222357982755,251,251,1
"P032",-7.96101713203533,1.58766447248521,1249,-14.1049746108604,1.45625008749599,1249,2.09002788111177,0.299790920589609,1249,2.31165140104657,0.25133537348476,1249,1249,1
"P033",-7.84644917161576,0.837869963007593,1142,-14.2503618298667,0.816798513993424,1142,2.01347678144232,0.168583470011904,1142,2.19699762522998,0.165538502624127,1142,1142,1
"P034",-7.99583541574251,1.34188802876364,6124,-14.1532505116545,1.23210334780337,6124,2.10574234801793,0.291139652874705,6124,2.32677765173591,0.266679071673927,6124,6124,1
"P035",-7.25484002422272,0.906038415722337,969,-13.3818258660906,0.882799476576522,969,2.01798420626747,0.131682777297853,969,2.20399476889951,0.19001022238864,969,969,1
"P036",-9.18620821384203,2.38008907983016,729,-15.3028097895422,2.18676597967413,729,2.54261000411474,0.748045952835838,729,2.68294285142474,0.614464370756988,729,766,0.9517
"P037",-6.73692323648691,1.21915415666519,541,-13.1736178096829,1.17967851621838,541,1.94593633282453,0.101457796634817,541,2.08150607231039,0.12151431844597,541,541,1
"P038",-7.05294481130572,1.72991904269683,614,-13.4451634298722,1.45353828701127,614,2.13783050975823,0.375023393356812,614,2.28383154442473,0.29828737667269,614,614,1
"P039",-6.92735115506052,1.14892957105703,2220,-13.2618220940626,1.13920340929224,2220,1.99837826451228,0.162560443430595,2220,2.13274954958581,0.190467090273885,2220,2220,1
"P040",-7.15935982760275,1.85842683004957,865,-13.6095152692842,1.78091469457204,865,1.99872896600694,0.248700986792802,865,2.15503911203142,0.264213681831035,865,865,1
"P041",-7.22253303108551,1.93539673337979,612,-13.6759271595017,1.87114491630735,612,2.0455224168154,0.165466936151105,612,2.15631898616202,0.180190877877036,612,612,1
"P042",-8.58846035630434,1.56630707183675,697,-15.5453022552402,1.48006382682339,697,2.14347045276402,0.25585326650614,697,2.46042869205432,0.205386405722895,697,697,1
"P043",-8.87966095837882,0.807642241167158,531,-15.6384195970292,0.835458303312165,531,2.06068987637814,0.144843148760233,531,2.39776400665477,0.161214394141198,531,531,1
"P044",-6.74247741918869,1.24797038956544,553,-13.340504830775,1.20584411132101,553,1.9751083055737,0.132550057726558,553,2.14164807062044,0.179282644388488,553,553,1
"P045",-6.11785501399178,1.9478370654188,250,-12.9840605735683,1.930662912845,250,2.09398253673858,0.189681362783311,250,2.21559445888924,0.17426749128748,250,250,1
"P046",-7.169287425018,1.37887378537126,256,-13.7635301968273,1.23318185528182,256,1.98431834289363,0.137413889797877,256,2.08774133027649,0.151110756606077,256,256,1
"P047",-5.45793729314771,3.02732211215811,325,-12.3412037915269,2.91729435018232,325,2.30663226722093,0.33876224572209,325,2.50920694363393,0.381129943612905,325,325,1
"P048",-6.75776882405542,1.24436197590507,1414,-13.1502408967939,1.28938583840931,1414,2.00300239284913,0.14389980778661,1414,2.11380686141322,0.1620283066975,1414,1414,1
"P049",-7.25371351174955,3.22943589664518,1160,-13.7738173609565,3.22503174276585,1160,2.16009059925711,0.520483926913339,1160,2.39027295923227,0.58085040709918,1160,1176,0.9864
"P050",-7.48786241895898,3.27986193610561,445,-14.0183929384152,3.17326279129587,445,2.04101068309477,0.168559193389628,445,2.20094981086397,0.211304822355635,445,445,1
"P051",-7.25072516260145,0.672921972562082,809,-13.6388711898718,0.733539284891246,809,1.95888199034409,0.114654257092886,809,2.03710747654657,0.128214856080432,809,809,1
"P052",-6.7495122483579,1.41527820930135,365,-13.6052974135579,1.29028084253115,365,2.19092062010241,0.202717287437056,365,2.46060632533022,0.239732050589392,365,365,1
"P053",-9.62239827348141,1.22879068073571,1335,-16.0491390809508,1.17215186655912,1335,2.0254997344904,0.189711207034816,1335,2.23694839605992,0.17290583571843,1335,1335,1
"P054",-9.70612244579065,1.66271671920834,1422,-16.2222396512313,1.53971100915705,1422,2.09991314803358,0.30722290910167,1422,2.29286773846163,0.254259017857982,1422,1422,1
"P055",-9.51994053169657,2.92425441356975,447,-16.0369527988909,2.83337465131484,447,2.26598921530174,0.625346244458136,447,2.54828681923345,0.710112903421395,447,447,1
"P056",-9.69057669878964,2.99815632783099,1225,-16.247396461664,2.83579546848821,1225,2.2045168896486,0.525946712938259,1225,2.5560461492829,0.571601115393549,1225,1225,1
"P057",-7.5549107667026,1.42994209949592,3593,-14.1088647166479,1.29596058924342,3593,2.24846372318711,0.421402496435182,3593,2.48964835823732,0.419541271017805,3593,3597,0.9989
"P058",-9.73872191396788,1.05836385380969,734,-15.8854310068123,1.08239673122499,734,1.96551914588056,0.156429690218905,734,2.15358203001057,0.1797617711916,734,734,1
"P059",-8.52617020413848,2.57768599328466,323,-15.3029470298002,2.62876386387725,323,2.21240624901195,0.424797309585264,323,2.58823946400933,0.48765641799904,323,323,1
"P060",-9.05130669834485,2.02063472153782,877,-15.7254866440765,2.05271681105688,877,2.03482708601898,0.202735744384457,877,2.29768431488196,0.271377608931781,877,877,1
"P061",-5.62142551633118,2.16430496499222,1041,-12.2394479918448,2.17821636779022,1041,2.42395848526031,0.586187317187222,1041,2.6944935771317,0.560580578609367,1041,1041,1
"P062",-7.74751666084469,1.02570617209099,693,-14.3540192232054,0.92851944709129,693,2.09332774464622,0.295671653043177,693,2.24280224982148,0.284128620252062,693,693,1
"P063",-7.90025994700506,1.2246763475284,766,-14.0670734216592,1.16655888335031,766,1.92584067008157,0.115430591155897,766,2.05797217430592,0.128294233003351,766,766,1
"P064",-7.56192000209552,0.665835967005317,188,-14.2061932437385,0.724145555630711,188,1.90517891086466,0.0955960319029927,188,2.06741177576593,0.109320808912638,188,188,1
"P065",-7.32350346482906,2.885322282172,1995,-13.874592193843,2.84940926243789,1995,2.10786610354653,0.460887155059486,1995,2.31317036768523,0.509654914216009,1995,2011,0.992
"P066",-7.03496899245868,0.859675083380366,599,-13.0653614866202,1.01899224371611,599,1.91165739846109,0.11848087870778,599,2.06430579317785,0.148042213159689,599,599,1
"P067",-7.11657810922114,1.31053870650723,909,-13.6112132786317,1.26770066204571,909,1.97155740803913,0.310108497684796,909,2.05804154118165,0.209470536185222,909,909,1
"P068",-6.83773131636505,1.08949452957964,518,-13.0542235742049,1.07361010052491,518,1.94413522104049,0.103592428232804,518,2.04786388862769,0.118724175503361,518,518,1
"P069",-6.62545795281464,1.06371448183353,403,-13.0291948752325,1.10599789742312,403,1.93272570270014,0.0930441754089739,403,2.03255092148316,0.105581749397511,403,403,1
"P070",-6.30965851508217,0.886757398940632,184,-12.7246817338348,0.879835070636553,184,1.91473731189947,0.0953896407938161,184,1.99439546916562,0.101983911231293,184,184,1
"P071",-7.0005023407268,1.62867175140038,534,-13.7022232086033,1.56020376304277,534,2.35898678778019,0.396994694041642,534,2.50076670163211,0.385174593529344,534,534,1
"P072",-6.97163760193859,1.1704139044194,267,-13.5675390431389,1.23462802412617,267,1.9599990595828,0.128371960598195,267,2.13472167573978,0.154667278123079,267,267,1
"P073",-6.8477244655588,1.02311840303291,1212,-13.3399978365291,1.08616052873523,1212,2.08133277281354,0.222289049355217,1212,2.21078027206674,0.216554804904257,1212,1212,1
"P074",-6.97476885757772,0.582139009967212,159,-13.9263210334544,0.664288086347435,159,2.25655420651955,0.255518413215648,159,2.31830243392443,0.26888168486037,159,159,1
"P075",-6.27406941944613,0.747720728737941,160,-12.3946143088857,0.792291806515643,160,1.99668558513252,0.262851577295599,160,2.10558562998016,0.217363084360614,160,160,1
"P076",-6.82711146423099,1.71755725265822,2146,-13.2487204450508,1.66614330926001,2146,2.00862461982521,0.16335387294517,2146,2.14908615894305,0.196437559716309,2146,2146,1
"P077",-7.6021042479335,1.41785099751904,426,-13.8998063918839,1.48368114224528,426,2.02736292551061,0.240958207035998,426,2.13405938505342,0.228843217451919,426,426,1
"P078",-8.99342583819512,1.89975204100202,755,-15.2319693136942,1.7778992315277,755,2.01565431436045,0.313786572578869,755,2.12971866504481,0.22172597131481,755,755,1
"P079",-6.87016037537839,1.09389510673486,1831,-13.0724327546437,1.0348063535559,1831,1.96415804395073,0.147093336375424,1831,2.10168035225945,0.158950586734043,1831,1831,1
"P080",-6.82491124379007,0.518662641448614,358,-12.7050795924257,0.630007862878956,358,1.89251471851403,0.132765344309733,358,1.96059043030062,0.14100600955681,358,358,1
"P081",-5.75291048645234,1.70588685047833,534,-12.0593129634321,1.60859418537803,534,2.17672803813811,0.397748553427766,534,2.24991408876388,0.383388450357821,534,547,0.9762
"P082",-7.44372036727477,1.684307586214,1224,-13.8339696169492,1.65044682529232,1224,1.90387635308276,0.147883931718204,1224,2.00975647874973,0.167315390272865,1224,1224,1
"P083",-7.71234199193376,1.58932010514181,576,-14.1641630317357,1.51646153909101,576,1.95108634478729,0.157501486534314,576,2.02638461635996,0.167055455754386,576,576,1
"P084",-6.02864746520098,1.79851477210697,3700,-12.4467617214084,1.70565073759557,3700,2.15095622285711,0.508270899325411,3700,2.23288233602413,0.444383402409907,3700,3708,0.9978
