"poly_id","B2_mean","B2_stdDev","B2_count","B3_mean","B3_stdDev","B3_count","B4_mean","B4_stdDev","B4_count","B5_mean","B5_stdDev","B5_count","B6_mean","B6_stdDev","B6_count","B7_mean","B7_stdDev","B7_count","B8_mean","B8_stdDev","B8_count","B8A_mean","B8A_stdDev","B8A_count","B11_mean","B11_stdDev","B11_count","B12_mean","B12_stdDev","B12_count","NDVI_mean","NDVI_stdDev","NDVI_count","NDMI_mean","NDMI_stdDev","NDMI_count","NBR_mean","NBR_stdDev","NBR_count","NDRE1_mean","NDRE1_stdDev","NDRE1_count","GNDVI_mean","GNDVI_stdDev","GNDVI_count","MSI_mean","MSI_stdDev","MSI_count","SWIRR_mean","SWIRR_stdDev","SWIRR_count","EVI_mean","EVI_stdDev","EVI_count"
"P001",0.0151900436556636,0.00349030028265762,2859,0.0320281597821113,0.00629258195105905,2859,0.01533633122375,0.00407496048564527,2859,0.0572814528054826,0.0108416182900584,2859,0.186941030961936,0.0384596073437673,2859,0.225765357880768,0.0468557390462582,2859,0.241409577161682,0.0545151670359516,2859,0.247994763534981,0.0509793059656592,2859,0.0735051069830609,0.0118788166864811,2859,0.029763755206846,0.00540749464308714,2859,0.87381635243454,0.0746915086538305,2859,0.52298032007691,0.0794960906840149,2859,0.771972873200607,0.0710617244235682,2859,0.608988271539436,0.0699452038611699,2859,0.758388500622342,0.0841828183030365,2859,0.318016230846684,0.103336245020801,2859,2.47756883239746,0.159479684796079,2859,0.459486010893512,0.0917766982599997,2859
"P002",0.0291426626501642,0.0107246547748768,2750,0.0465160431779031,0.0157443703800744,2750,0.0287464441790466,0.017718287112569,2750,0.0778253198065602,0.0246509906366402,2750,0.211717789987511,0.0461631225170215,2750,0.251165431649859,0.0525965519516294,2750,0.265047474428764,0.0672877022163528,2750,0.275593575739155,0.0572617580618907,2750,0.112789797091311,0.0384413310679822,2750,0.0539797705525485,0.0250933992805527,2750,0.80915130531816,0.0627517847680198,2750,0.400719294627049,0.0914409242328553,2750,0.661256622194355,0.0810329992975711,2750,0.545128148401394,0.0651510308570101,2750,0.703996714586697,0.0400314527541567,2750,0.434552227237571,0.112402532834879,2750,2.12555241404388,0.131589254434581,2750,0.480642857900673,0.0973265965907288,2750
"P003",0.020140646113389,0.00800394007281197,680,0.0343412892192254,0.0122833509178093,680,0.0213648591600216,0.0122939153610344,680,0.0597689904492302,0.0192152407033474,680,0.18022541728951,0.0454508481466528,680,0.217976761297197,0.0542582853047273,680,0.234443040567708,0.0668333482040755,680,0.242448553662896,0.0591592418956342,680,0.0987500847110111,0.0339795287840335,680,0.0447718545269382,0.020457642531694,680,0.83427313444659,0.0647283368301692,680,0.403339425606669,0.105655188574599,680,0.677419632099153,0.0925178336587985,680,0.59081641735148,0.0684386298347978,680,0.745160962657019,0.0478272968002833,680,0.433944669727383,0.126767387056804,680,2.25578420129995,0.156628214907117,680,0.434708722720912,0.103094931140729,680
"P004",0.0154930017190666,0.00527717128651437,2561,0.0293060194004404,0.00911978632203261,2561,0.0159341843653264,0.00505662625590702,2561,0.0515845864866688,0.0119116836489545,2561,0.173187634546911,0.03415550957457,2561,0.209473426783289,0.0403723031966984,2561,0.225330565790318,0.0524746576945877,2561,0.228754947513891,0.0423038601282645,2561,0.0757792369844362,0.01594912992815,2561,0.0311541012556859,0.00733878434622027,2561,0.868320235678779,0.0228423538411561,2561,0.491345238281894,0.0703981269657995,2561,0.753503116266443,0.0444252615474016,2561,0.625042373555088,0.0434336074753578,2561,0.771627384873102,0.0285496056523315,2561,0.344204665890665,0.0671981908778956,2561,2.44574987680327,0.112267067908499,2561,0.431345331213978,0.0817130120062246,2561
"P005",0.0192859787048148,0.00607590419510454,5662,0.0320221863498918,0.0094694261539898,5662,0.0188519485727996,0.00582411579680028,5662,0.054066000906523,0.0132165178575662,5662,0.150407065772905,0.0321931203140331,5662,0.178655498427654,0.0371081609290538,5662,0.192210924955696,0.0442621394844171,5662,0.200370227471372,0.0403619255943974,5662,0.0782668280020655,0.0136624763809474,5662,0.0344969959078912,0.00752472671528304,5662,0.819251181567272,0.0490123696206705,5662,0.413313934276829,0.0673438807053833,5662,0.690310340611985,0.0550081813264359,5662,0.55870089380099,0.055913512011326,5662,0.714457884220419,0.0495738425182369,5662,0.418749690914055,0.0801869637642498,5662,2.28404167684053,0.12126955616123,5662,0.371083702906609,0.0775081034820749,5662
"P006",0.027342021619035,0.0300029698999086,1341,0.0398836714932012,0.0319184512058015,1341,0.0292765437041041,0.0334647395526315,1341,0.0598550924557469,0.0273953543782908,1341,0.15399712577325,0.0333833703710396,1341,0.186139429093058,0.040277603718619,1341,0.198350360977077,0.0537199763121842,1341,0.2072993079996,0.0452067843409332,1341,0.0979826462787431,0.0300525224273593,1341,0.0488382702864829,0.0274383661593313,1341,0.748111222906864,0.239063561446742,1341,0.33031812508698,0.151377776423716,1341,0.601896281819229,0.182490667304209,1341,0.530650352478104,0.185040172780808,1341,0.667523220281323,0.225311487642822,1341,0.532599572626267,0.255874149020195,1341,2.15986825551605,0.316130074407303,1341,0.354602453800375,0.130030628374859,1341
"P007",0.0159269103658433,0.00774449504582394,599,0.0295849149715075,0.0112065290695982,599,0.0156658092441486,0.00918196135342426,599,0.0509010591201214,0.0146186929094874,599,0.162587026657453,0.0315898758106363,599,0.194906937960593,0.0356646093239838,599,0.208770436151806,0.0458981807340332,599,0.213848347187695,0.0376245478064932,599,0.0757843584590576,0.0163412772200594,599,0.0336367251764132,0.0110340446163309,599,0.862447256661872,0.0479825363244764,599,0.462625643767343,0.0694138971854696,599,0.720397724985424,0.0582589187664829,599,0.607369336636964,0.0574113291174239,599,0.754240099386035,0.0447012292860207,599,0.370459846182764,0.0707084236177817,599,2.28579358394286,0.147447933994229,599,0.405437934648467,0.0725709892450643,599
"P008",0.0243017433548113,0.00869525675815463,531,0.0469521355284142,0.0171533382657106,531,0.0244580776840789,0.00968237230219882,531,0.0801318507224639,0.0268097023235323,531,0.230962172424758,0.0662894914326185,531,0.273410628960309,0.0752932050887951,531,0.288518882778612,0.0846390472680267,531,0.300076424352879,0.0805994430239851,531,0.124268268284519,0.0364184364865004,531,0.0611471171864205,0.0187098427641293,531,0.845524979416475,0.0426391007297226,531,0.395667288985099,0.0871971897948843,531,0.648269453028777,0.064186177725508,531,0.567004608917343,0.0737441162228783,531,0.721393645836447,0.0726925212918797,531,0.438537704674777,0.0920659753383035,531,2.04890888022314,0.229468622198847,531,0.520005432432077,0.122220614609862,531
"P009",0.0185646488830417,0.0033869702857378,1109,0.0371108956090512,0.00721530548309249,1109,0.0201381401460284,0.00461857784412278,1109,0.0648375045744591,0.0102149515912401,1109,0.188818216983442,0.0219683790405171,1109,0.223802489096821,0.0258030443248997,1109,0.239156139438166,0.034541262960024,1109,0.247219869389821,0.0270701385385908,1109,0.0928057013443175,0.0106088400643117,1109,0.0439768982769786,0.00684847316494855,1109,0.844333686889011,0.0310517245334725,1109,0.437577388800655,0.0563533491266468,1109,0.686962596584786,0.0472255721560357,1109,0.571803198948231,0.0537570022833216,1109,0.731547151424962,0.0364667353760425,1109,0.393393998698521,0.0554076552446012,1109,2.12610825075925,0.123931829841363,1109,0.447120791388776,0.0555083402166707,1109
"P010",0.0170245347102861,0.0048864392329151,1007,0.0379804846182783,0.011587235721788,1007,0.0187930174460722,0.0057656526452292,1007,0.0695840187209517,0.0187237562492661,1007,0.209197172635717,0.0507407731097029,1007,0.250910549824776,0.0612680526637835,1007,0.26890273098965,0.069615972366062,1007,0.277895977101508,0.0655280234713935,1007,0.0945377412939489,0.0184964174377556,1007,0.0427039977865937,0.00937068102008598,1007,0.867246388103751,0.0327256254762155,1007,0.470932520092782,0.0655713390230437,1007,0.719108250699995,0.0520138107903939,1007,0.586625194396579,0.0606818817699929,1007,0.753075738582234,0.0409324775004088,1007,0.362357878794173,0.0630773681924088,1007,2.22528533842904,0.134947712512234,1007,0.493171793606327,0.106398615568615,1007
"P011",0.0160921150378731,0.0030254806714299,374,0.0378655346154342,0.00655084957951743,374,0.0228590191421633,0.00459235930954709,374,0.0726384118267682,0.00978922534089326,374,0.160504096382722,0.019089187873345,374,0.184170090244723,0.0210761247578467,374,0.199592780900134,0.0279617731814792,374,0.208295339201605,0.0239042823032092,374,0.101907987104337,0.0112098765738588,374,0.0502164679584148,0.00633708261165866,374,0.792988890694386,0.0390928313859326,374,0.319991468799065,0.0556867120237098,374,0.594801335319099,0.0451245759013447,374,0.46326635230801,0.0557110672715155,374,0.681250367068657,0.0269392253126687,374,0.518365895020235,0.0754668122416462,374,2.03462073137256,0.0619220096429561,374,0.362319880304445,0.0466453891599502,374
"P012",0.0372508382870388,0.0205224277943719,672,0.0547222213421901,0.0197727035184937,672,0.0537216777489695,0.0366667070607363,672,0.0940063548966594,0.0304625630108052,672,0.184474811978123,0.0395934807730286,672,0.215984257263873,0.0473048655999314,672,0.232947453351442,0.0562408493599281,672,0.244205577149641,0.0500544161493133,672,0.157524388436546,0.0709423420424627,672,0.0938724717013542,0.0551410544068759,672,0.636357720015524,0.216079794653266,672,0.214502693907238,0.242594765940166,672,0.446128210793067,0.262610409548538,672,0.423646723910612,0.144669941711798,672,0.616946154513585,0.12137234742039,672,0.718179934714202,0.364789070406957,672,1.86182397503053,0.348343813962485,672,0.351826443632601,0.134986633085126,672
"P013",0.0132041793622612,0.00371396735023453,1337,0.0279257774914193,0.00782625067828598,1337,0.0158270660248417,0.0044684142107634,1337,0.052459103656993,0.0115531520147982,1337,0.157365692337099,0.0302718671531564,1337,0.189559468233647,0.0351619418692694,1337,0.2051355056475,0.0431028609516377,1337,0.212185034926972,0.0385934190086462,1337,0.0805600898339607,0.0135575313189323,1337,0.0363336108972747,0.00736324073978668,1337,0.85803646547309,0.0191558646669899,1337,0.431612663990155,0.0476673311691298,1337,0.69714420812043,0.0336016587321381,1337,0.592055694719338,0.0376916304377002,1337,0.763134530848146,0.023335428929567,1337,0.398604995225783,0.0473268173051287,1337,2.23419477340947,0.112992612269965,1337,0.391732189974942,0.0676257510553507,1337
"P014",0.0126642248117425,0.00374280150277635,1444,0.0270903741908493,0.00649461826660644,1444,0.0159955105580844,0.00464237584455301,1444,0.051171361981935,0.00868028878352798,1444,0.141862720731883,0.0195620165435346,1444,0.169210626411467,0.0221546067978095,1444,0.18437691967987,0.0304447765681123,1444,0.191282064310799,0.024212080618827,1444,0.0767805580748772,0.0101733754121934,1444,0.0360034111112952,0.0064023642254371,1444,0.841501305756994,0.0282567527318243,1444,0.40823314915155,0.0539987869997519,1444,0.671143350323429,0.0428130486705845,1444,0.564224374766688,0.0391353437536185,1444,0.745797924959974,0.027401417039429,1444,0.422523345261808,0.059207539120848,1444,2.14645728658478,0.101322255064092,1444,0.353894690910233,0.0487884434452895,1444
"P015",0.0154007653010382,0.0023524245269719,12321,0.0304939321476154,0.00525239045424635,12321,0.016726496742622,0.00294861771961107,12321,0.054795900092107,0.00630874764798462,12321,0.164056927300765,0.0170135078062803,12321,0.195914774182757,0.019456545156174,12321,0.213672362985958,0.0300031821112653,12321,0.218084139888912,0.0204331526140505,12321,0.0765313805223507,0.00592483935681429,12321,0.0333966202596969,0.00345493927772535,12321,0.854644979016935,0.0171887312727426,12321,0.468443530338579,0.0462823810043994,12321,0.726914007836224,0.0323064845977018,12321,0.589561114298259,0.0340570081769096,12321,0.750757905325146,0.0191458357926615,12321,0.363389814670381,0.044545164966062,12321,2.29907744020142,0.0997183326456536,12321,0.409627086933457,0.0487910782827801,12321
"P016",0.0144414015530328,0.00356949086829534,368,0.0253789594808711,0.00703454245528625,368,0.0162205768736883,0.0045058703008313,368,0.0464487487552857,0.00816200037013927,368,0.129994690787023,0.0207906673287332,368,0.155913758455325,0.0240495415988379,368,0.168318289149553,0.039139687412417,368,0.174913795393885,0.0256146779922327,368,0.0784019575690714,0.0101287714990842,368,0.0355013737132671,0.00570076570477613,368,0.823667444750726,0.0298555822711524,368,0.350812026956058,0.101667085328241,368,0.640307357166481,0.0777577520682775,368,0.558263111343677,0.0714814491881848,368,0.739287549189006,0.0278451955111721,368,0.490500721182606,0.127889393417456,368,2.21937692892945,0.101239235950566,368,0.326388700284068,0.0668540851170953,368
"P017",0.0158059889828996,0.00785328202861449,1573,0.0289062801306921,0.0109343303599888,1573,0.0176601803220872,0.00882728694173507,1573,0.0503790232624812,0.0132472852265449,1573,0.152574059720662,0.0340817180054427,1573,0.185412444389478,0.0396491966665089,1573,0.191623523156995,0.0496416214545102,1573,0.204461619901398,0.0426984639727813,1573,0.0805406897739071,0.0182656503579921,1573,0.0358171039377926,0.0113094438273126,1573,0.829240574522158,0.0725726289128779,1573,0.399424987452022,0.0911782799964359,1573,0.678611714348387,0.0845340287112096,1573,0.578755173919575,0.0737763200332512,1573,0.73806776535802,0.0685641284964725,1573,0.436110317930312,0.103759685712608,1573,2.29705050916501,0.209873295073149,1573,0.365520483447709,0.0857334714619034,1573
"P018",0.018574494934502,0.00470842251150059,14174,0.0321618354602028,0.00863845854857394,14174,0.0168865262171502,0.00552804597525856,14174,0.0549756879502323,0.0139763199598336,14174,0.183384289063527,0.046723673770599,14174,0.223322144681951,0.0568644123062702,14174,0.23448667795964,0.0629124997706595,14174,0.242249751457249,0.0601083161753204,14174,0.0782134641061431,0.0182367026997883,14174,0.0327438189592217,0.00973533541039935,14174,0.861714443083834,0.0388613499922475,14174,0.490748691538061,0.0795081734948087,14174,0.747826827732821,0.0643553155738169,14174,0.615505001744997,0.0512174133452705,14174,0.755978767490525,0.0357432302365454,14174,0.345698835001439,0.0778795203404636,14174,2.42181683441775,0.209889323784577,14174,0.450050553453017,0.10456087250647,14174
"P019",0.0218308775583455,0.00621426800124912,7914,0.0380824630202314,0.0123917239216153,7914,0.0195997138750766,0.00642539173013615,7914,0.0634052713899506,0.0210627909867168,7914,0.182419549837292,0.0589221213595468,7914,0.213696775310745,0.0672329100609993,7914,0.220710034516508,0.0722690670616768,7914,0.230180960154437,0.0708531224964437,7914,0.0820986303682566,0.0246035785351294,7914,0.0372312431541047,0.012185357011547,7914,0.832350831804354,0.0420430363978671,7914,0.451619824239385,0.0730538804296082,7914,0.706192775814324,0.0624452717845861,7914,0.551351052356397,0.0555916822267488,7914,0.703707587412472,0.0422081567211935,7914,0.381484563627241,0.0749273907162499,7914,2.2336179330021,0.192612144730335,7914,0.421918013077188,0.114867873842055,7914
"P020",0.0273835192569753,0.0141950294859726,4222,0.044166603919048,0.0158803676500547,4222,0.0335455772445885,0.0296085484991871,4222,0.0747813730742641,0.0266682436066846,4222,0.19671284565093,0.0496205391126074,4222,0.233970309356292,0.0566103789551167,4222,0.244475269233949,0.0600989275378833,4222,0.25523297352652,0.0572984909407117,4222,0.117491743886969,0.0649805521281772,4222,0.0627980281695733,0.050423388737242,4222,0.76276957059852,0.190630715578563,4222,0.37230321835197,0.237625974884813,4222,0.610344105629839,0.252541615969065,4222,0.530447548223552,0.134206188820984,4222,0.690630498835601,0.0978799242901264,4222,0.516713872361297,0.343300289164172,4222,2.14850288099935,0.389953691664277,4222,0.426609391408137,0.139067367520567,4222
"P021",0.0226443004083927,0.00901288420112757,2835,0.0394863010758663,0.0135503429459531,2835,0.0233483534185021,0.0129252664032052,2835,0.0656880686544897,0.0223502400681616,2835,0.170210912606961,0.050435962823292,2835,0.196468228121544,0.0570245271693866,2835,0.203710762295646,0.0619533580403141,2835,0.213386730923235,0.0609595724526343,2835,0.0881723734995245,0.0344555617734213,2835,0.0437615572925702,0.0211678901077764,2835,0.797159081701363,0.0702269245872834,2835,0.401119264912653,0.0947913356594399,2835,0.652315141757215,0.0920629009173678,2835,0.513196266866675,0.0646219269509125,2835,0.675865072234336,0.0470147243034734,2835,0.434682997281008,0.110218852241992,2835,2.07722060986725,0.175997993254933,2835,0.379914756090074,0.0947554016908038,2835
"P022",0.0169170519321974,0.00378598845697546,4154,0.0307789931026096,0.00618914976113311,4154,0.0152253806197269,0.0055287288837308,4154,0.0524785316893389,0.0102093386725027,4154,0.172948678398955,0.026243264577857,4154,0.207011785499609,0.0319793460154048,4154,0.217475809158537,0.0368099551594368,4154,0.223163069568641,0.0339476345437756,4154,0.0662839694171252,0.018264669981325,4154,0.028103425196419,0.0120866018198497,4154,0.866128917684967,0.0496486731821616,4154,0.529065669950936,0.0876879510992734,4154,0.767657062829794,0.0793736308803841,4154,0.607654623271283,0.0581034654620007,4154,0.748895066460133,0.0469533081418481,4154,0.313531633541819,0.108006260048186,4154,2.39859313426027,0.180375600605234,4154,0.426074743048286,0.0658236204861665,4154
"P023",0.0181309421194544,0.00930374188287677,322,0.0280819440945689,0.0113210932001188,322,0.0183030223720811,0.0100839095538343,322,0.0453582681350094,0.0125746475114763,322,0.128720745189142,0.0434139977597358,322,0.15445488338434,0.0532065575268891,322,0.16407037729287,0.0650555645719319,322,0.171148259246666,0.0589784974898862,322,0.0705100140995888,0.0171485019127608,322,0.0332125602722773,0.00828408376627378,322,0.755575873137738,0.209806095239184,322,0.356258543281218,0.173153372513399,322,0.620843716944311,0.16824251108646,322,0.524528062605099,0.184331446380494,322,0.664130510451333,0.211650930558348,322,0.512030933993612,0.307981398892805,322,2.12913927269158,0.229480352176416,322,0.313058925985067,0.130658867769634,322
"P024",0.0152658620658749,0.0091729488794398,1742,0.0304572170684516,0.0149235220073773,1742,0.0184005916393203,0.0132525988308154,1742,0.0567214302897014,0.0262992680275109,1742,0.169212378100657,0.0625925999312867,1742,0.203736568634028,0.0732375913927714,1742,0.218213907407379,0.0855994174837184,1742,0.227320218311821,0.0803542594351999,1742,0.0913417332931066,0.0398753953202271,1742,0.0412563254666843,0.0221314690875908,1742,0.850851473370284,0.0581142312640413,1742,0.404214881477163,0.110782822987002,1742,0.680055854442924,0.0896586004862658,1742,0.589736739723303,0.0755452945460504,1742,0.760192331589827,0.0491610655810303,1742,0.433747338273354,0.123579122779909,1742,2.2799339275644,0.190184702470564,1742,0.402889915286857,0.125192981078357,1742
"P025",0.0145933927829206,0.00709743414151238,2941,0.0296158356197357,0.0114482369715544,2941,0.0177058060133622,0.0103036026315877,2941,0.0542894938956389,0.0176146022396199,2941,0.165433108026515,0.0411523342641785,2941,0.199963362404732,0.046982311681385,2941,0.213309464262035,0.0577717739689037,2941,0.221800804305218,0.0508741005562274,2941,0.0820685837972495,0.0224139976724297,2941,0.0376619328630972,0.0133046188305587,2941,0.848636589707838,0.0699247058341234,2941,0.436239131586086,0.100601505899855,2941,0.694034310064732,0.0864097023672094,2941,0.593030177222333,0.0708176078488433,2941,0.758970545901184,0.0557383154600472,2941,0.400260380627169,0.110019856531618,2941,2.2246942177851,0.183894601785296,2941,0.400237578519555,0.0919868527722067,2941
"P026",0.0165292205687804,0.00252638576382327,234,0.0354471781110024,0.00493650356537128,234,0.0172573947870148,0.00292797256425736,234,0.0620557314698685,0.00795501085472944,234,0.202291091638899,0.0340451094734824,234,0.24538258398591,0.0433405774796297,234,0.265572556894376,0.0518885506943453,234,0.271051261920661,0.0458993326434985,234,0.0806643037372178,0.0109780977453509,234,0.0331859164212375,0.00483965332518251,234,0.87549851154434,0.0248164604785229,234,0.529057336651386,0.0514620327450982,234,0.77393991330549,0.0362572560754789,234,0.616972238374862,0.037343596786472,234,0.761541961398526,0.0283183433576666,234,0.309394329282999,0.043993083662134,234,2.4374179177316,0.131598161559678,234,0.495752606424508,0.0831042007530717,234
"P027",0.0127737789663698,0.00158635882526785,238,0.0289218098866405,0.00388779847511828,238,0.0132325694482138,0.00210199871825642,238,0.0523917956829775,0.00680260475846234,238,0.186572307125376,0.0164026679982318,238,0.232502968303945,0.0186207876698532,238,0.251830410685762,0.02566678160138,238,0.257570416301869,0.0211526029544894,238,0.0706419598697702,0.0100244174764094,238,0.0271880771069161,0.00456672187793158,238,0.900026880741665,0.0108040700535134,238,0.561058396725057,0.0479194760513987,238,0.804368369640986,0.0294832574471306,238,0.655311298231105,0.0297839924593143,238,0.794053288841436,0.0149637694234897,238,0.282183940108076,0.0420814477433123,238,2.60351530689718,0.0854822536274365,238,0.482102116252147,0.0391302205179833,238
"P028",0.0206008903650238,0.00936076776801963,388,0.0413074898973531,0.0129572487604288,388,0.0263057693680355,0.0143370517899077,388,0.0784469819978009,0.0233062653481516,388,0.216232641995815,0.0474442650591447,388,0.258080979376409,0.0555914564118211,388,0.277701444630624,0.0657035922191307,388,0.289391238968836,0.060680145343171,388,0.121578605830214,0.0417300525281804,388,0.0570099061523652,0.025333008136597,388,0.829367880884425,0.0757130580049652,388,0.393345886724511,0.126436773399756,388,0.660755013982109,0.112213062354941,388,0.558893182597066,0.0784138642374218,388,0.741529272825026,0.0509433544358588,388,0.448386186818768,0.137266788548623,388,2.22624539719819,0.247113753036121,388,0.486381370583169,0.101723245542276,388
"P029",0.0184008769326379,0.00571193745101033,207,0.0395967902361709,0.0107888359230549,207,0.0236166790506792,0.00818545193530401,207,0.0756577433433181,0.0210674077682732,207,0.224887558300518,0.0621283392520752,207,0.269863159056052,0.0736223644968397,207,0.29104412593389,0.081095411031628,207,0.301571389002951,0.0800615302890321,207,0.123653123218609,0.0322222031703916,207,0.0560519042189007,0.0152023161964004,207,0.8495548152622,0.0343167313460126,207,0.400454970641305,0.0552323618241794,207,0.674321816493222,0.0446729510357949,207,0.586190929212338,0.0486432121490051,207,0.75906510745635,0.0316758210858681,207,0.429999965848385,0.0570426543407605,207,2.21165880622631,0.107259386006248,207,0.509248346780624,0.115448787666878,207
"P030",0.0121053610955739,0.00243160173858194,549,0.0283887573702768,0.00453422462072189,549,0.0136109713375195,0.00307890988556654,549,0.0535951132995467,0.00768854351745672,549,0.182843747870319,0.0222804519037416,549,0.220984290046537,0.0259499939833886,549,0.237987373271336,0.0340059364687366,549,0.244413016964714,0.0285709691239594,549,0.0748452721638336,0.0135551145971317,549,0.0293282189333526,0.00661076981879338,549,0.891726781353882,0.0175007835652736,549,0.519448116284758,0.0677757134736902,549,0.778734318378194,0.0461131676867685,549,0.630990605678773,0.0333196713599708,549,0.786632013063505,0.0181760896250029,549,0.319076318284406,0.062290576688566,549,2.57308008034248,0.128529070682847,549,0.454968030482028,0.0541216813351492,549
"P031",0.0281663524772719,0.0162358315885885,251,0.0497126892712699,0.0232917961701378,251,0.0389730420296518,0.0247214495032931,251,0.0909060846130897,0.0375238048824968,251,0.202787142437418,0.0336533682277429,251,0.241399244656545,0.0358001182868747,251,0.267432997197065,0.0477254120984149,251,0.277017569417913,0.0421246383546977,251,0.160357282523472,0.0725105035189527,251,0.0808298600790196,0.0434103623400454,251,0.764014793355415,0.116889637059796,251,0.284286091942773,0.167651939322841,251,0.564074897249881,0.15808545518608,251,0.510779756271209,0.116578891126831,251,0.700504149061784,0.0948045254076489,251,0.585290408256016,0.216118876476478,251,2.1014527505619,0.233680565642112,251,0.441372722108742,0.0608984171358567,251
"P032",0.0167603235370516,0.00279813330696043,1249,0.0304308247637851,0.00643188177567095,1249,0.0157303117402895,0.00363407734469265,1249,0.0543137837670147,0.0110662486690115,1249,0.172530504222274,0.0312711085589646,1249,0.207315490809608,0.036140529318044,1249,0.218967134922835,0.043206934750942,1249,0.225869337425622,0.0382595697942583,1249,0.0741137726062959,0.0139053443933775,1249,0.0310063711844307,0.00729862935126484,1249,0.864205589180121,0.0270190063269629,1249,0.490187833781565,0.0645349742682002,1249,0.748576373829143,0.0526945329064452,1249,0.600623169909895,0.0413743038886049,1249,0.755109493021594,0.0262232933763964,1249,0.344737240991361,0.0610527424489702,1249,2.41717369490215,0.1729859695821,1249,0.425431984295905,0.0722288178616188,1249
"P033",0.0154974409191473,0.00273678279694348,1142,0.031230818278464,0.0045422458365628,1142,0.0152103750445823,0.00439724325306072,1142,0.0567647202575953,0.00784331876156871,1142,0.181749982377582,0.0164365201216181,1142,0.218296292679409,0.0194562645588493,1142,0.231542687509909,0.0259103720275278,1142,0.239000600039193,0.0214857970410343,1142,0.0783248839964132,0.0165440706421311,1142,0.0323496380893114,0.00976645445904897,1142,0.876588538499964,0.0324043802751122,1142,0.49492213021241,0.070995262928292,1142,0.754929983145372,0.0613000292283055,1142,0.6055336092573,0.0403641273727551,1142,0.762044574317232,0.0248612704060364,1142,0.340234531480072,0.0757303044583905,1142,2.4466829678903,0.14454311036915,1142,0.447458884174748,0.0434279925855517,1142
"P034",0.0191187820668702,0.00986012030140565,6124,0.0331321277238007,0.0119403355399047,6124,0.0204370970955262,0.0177247039131327,6124,0.0588927827444045,0.0192614254822847,6124,0.175712861773771,0.0387892024087809,6124,0.212916011128043,0.0470239862816345,6124,0.225260173764076,0.0541652754608195,6124,0.233363107686908,0.0512592992989881,6124,0.0906865189755103,0.0471055658089928,6124,0.041895500911781,0.032906100018707,6124,0.834934453261009,0.123402468485084,6124,0.439752463913941,0.167224133892482,6124,0.698239146369302,0.169507965086531,6124,0.584205066501173,0.0990674421661711,6124,0.741828904370776,0.0772623112367242,6124,0.41607988433409,0.236923433901106,6124,2.35742313925213,0.294563602723589,6124,0.422736652722419,0.103882996705089,6124
"P035",0.0222535541062104,0.0131727890577793,969,0.0388192547910044,0.0174683013123233,969,0.0275485393103947,0.0214254092919212,969,0.071012775993697,0.0285339686415977,969,0.19892159854405,0.0266433764829026,969,0.241243624439762,0.0299412411039345,969,0.255728014942603,0.0382974710199767,969,0.267943171293922,0.0322930380282189,969,0.135046199905436,0.0656012772298433,969,0.0655504177008289,0.0428924368955183,969,0.815662796758272,0.121650880007348,969,0.337276820759178,0.190045165163193,969,0.615636021835839,0.185865980376601,969,0.57461439462665,0.117422883025694,969,0.742603509705016,0.0898284914429274,969,0.528760252180778,0.241863544671255,969,2.26145481844072,0.331217128840776,969,0.454286906061633,0.0739023356039562,969
"P036",0.0288731477456055,0.00904029074210345,766,0.0494726111533834,0.015331354288014,766,0.0284979236087115,0.0113831097526029,766,0.0796258366733422,0.0228917612774867,766,0.209839815660647,0.0411716543414124,766,0.245440355797804,0.0464163045759573,766,0.264151178854121,0.0553992709572556,766,0.271835736668596,0.0492809803250793,766,0.112823311542799,0.026410882420404,766,0.0521104112692003,0.0159617808094383,766,0.804013058559772,0.0699874156709559,766,0.398762109597555,0.0946926782878052,766,0.667717738753999,0.0880832284976118,766,0.537680104640782,0.0882096252420137,766,0.684830147077657,0.071021975504967,766,0.436775680606023,0.109464246660754,766,2.20365823810065,0.188571272844334,766,0.479636080970713,0.0883237973279175,766
"P037",0.0160714101498693,0.00364432423953761,541,0.0239519118634358,0.00547331561515486,541,0.0155409491698962,0.00404620131900271,541,0.0382281597422285,0.00702668495192256,541,0.114137938906289,0.0196930405094147,541,0.138361542951371,0.0234559590781312,541,0.151951375238826,0.0323131123806933,541,0.155660828049361,0.0258459650061244,541,0.0653084595214557,0.00889357245113693,541,0.0286252537795755,0.00475771101667004,541,0.809920293120852,0.0535205900341171,541,0.389025335801503,0.0812887986053841,541,0.674794963283026,0.0667205321174362,541,0.591273587635964,0.0671680060258352,541,0.723355851247769,0.0587687193880238,541,0.445693063505868,0.104042274581415,541,2.28959444532369,0.124333386890684,541,0.301423371492899,0.0606166731475912,541
"P038",0.0203576646751734,0.00543318293899663,614,0.0456515504356652,0.0114573312346032,614,0.0238354897865633,0.00743465886870976,614,0.079957630926909,0.0195237356417964,614,0.198399129541898,0.0421576433489186,614,0.227570844378432,0.0481258878165957,614,0.241003772655057,0.0544317880163248,614,0.250091373645278,0.050893907516739,614,0.0948259102703504,0.0219886734558568,614,0.0425751314941683,0.011813610316845,614,0.818831998865027,0.0408888709401935,614,0.432617216659886,0.0859191524844555,614,0.697180029312891,0.0653866407808756,614,0.500877081488141,0.0665571580589869,614,0.680320545591229,0.0458605363627629,614,0.401029949739962,0.0837107251955736,614,2.25542847111936,0.150501235303383,614,0.437736947909049,0.08403701955898,614
"P039",0.0189722009788331,0.0126767471066948,2220,0.0367276717650409,0.0160110666683047,2220,0.0250836064730576,0.0178584880738532,2220,0.0665725681577577,0.0263344547164491,2220,0.177478127972176,0.0459857293081773,2220,0.209257571640274,0.0516041081062615,2220,0.227898951474908,0.064532327647401,2220,0.23435515451418,0.0580799307570898,2220,0.107500997385164,0.0476304054763691,2220,0.0533126658650217,0.0320865627631657,2220,0.808595905402064,0.106839503093819,2220,0.367914123565727,0.147277209674949,2220,0.63067316692896,0.146936728991749,2220,0.553415885361699,0.0930119819534619,2220,0.727267210873711,0.075763060867311,2220,0.482827938528279,0.19113160695611,2220,2.14054104680551,0.236191568197439,2220,0.405104543087688,0.1023459273377,2220
"P040",0.023324725072736,0.00505841543086182,865,0.0459201111163753,0.00948767529072876,865,0.0246560168501158,0.00716878533044387,865,0.0772145581507371,0.0139785705495757,865,0.196246437144176,0.0276953281303234,865,0.226790268965032,0.0327272560907283,865,0.243107663145743,0.0394633966517738,865,0.250087234785035,0.0343507926971612,865,0.0890560695178945,0.0163280590906351,865,0.040410901857137,0.0103576954226544,865,0.814777816871864,0.0492974470414481,865,0.461253916988748,0.0838846369303003,865,0.712548548227872,0.0706346227411594,865,0.516465643388734,0.0640370617439572,865,0.68154300409775,0.0495069206254438,865,0.373424266648988,0.0809170855715646,865,2.24504442053106,0.177672614848452,865,0.447459734609213,0.0659160029073544,865
"P041",0.0142955933809624,0.00470194861702304,612,0.0301924898373026,0.00768458595833965,612,0.0158525686037419,0.0058095809328277,612,0.0529196264107288,0.0112568406487084,612,0.16707587622152,0.0443242514687981,612,0.20182632326249,0.0546298430235059,612,0.217979617540453,0.0664552996024485,612,0.223783963577552,0.0588834208319029,612,0.0754790197052314,0.0153396295255327,612,0.032676804737308,0.00743301112656872,612,0.851335421977166,0.0859710719484895,612,0.462559601194298,0.126406571084372,612,0.718978994852543,0.105364819470473,612,0.591133626949306,0.09898408521659,612,0.745477228479409,0.0738150320341217,612,0.382916995056781,0.168596624487591,612,2.3273698085163,0.185974764038416,612,0.412571412191667,0.117967316705861,612
"P042",0.0270375354502315,0.00684166872064033,697,0.0435497768465057,0.0129645991180688,697,0.0230228953936422,0.00710466583513968,697,0.0704703239195471,0.02078792279357,697,0.204227150902928,0.0515564728825941,697,0.240875203485667,0.0581720023284625,697,0.249449346697267,0.0673091277417746,697,0.257847599462294,0.0617735714527934,697,0.0867162105472205,0.0211354727825185,697,0.0379763666155446,0.0106172673868602,697,0.829747107732327,0.0290801140802294,697,0.477786584103271,0.0616571933489067,697,0.732005711588624,0.0423465599369022,697,0.558403380720909,0.0512133123613104,697,0.702589393486879,0.0372876352474357,697,0.3558424304713,0.058562728221981,697,2.30005798201403,0.117611819981649,697,0.472658506268752,0.0997106265336548,697
"P043",0.0293463180883665,0.00605318665733572,531,0.0504008218034003,0.0114672849636878,531,0.0258809701181487,0.00694200137852955,531,0.0801285573161484,0.017399679400117,531,0.216391512766776,0.032889809046847,531,0.25123973398138,0.0362786019705069,531,0.258351699760465,0.0443857192787233,531,0.268356483500981,0.0376525790261224,531,0.0917098242609288,0.0118036413142559,531,0.0405544230851905,0.00693366453064242,531,0.817335018066744,0.0397081383868035,531,0.470934993605374,0.0624433703738696,531,0.72478055811111,0.0496128936069261,531,0.525876947061236,0.0685288174967638,531,0.673556482375829,0.0484673403717927,531,0.362165169277027,0.0600986436251379,531,2.27707968786481,0.140669841388412,531,0.484733392257986,0.0713241037128157,531
"P044",0.0144335511242759,0.00287414642613995,553,0.0304468290927548,0.00668737970415775,553,0.0148837083957364,0.00336564443659074,553,0.0522728492889679,0.00975850484238774,553,0.168876797426331,0.0282447727946901,553,0.202669165808694,0.033038116686084,553,0.220748460362425,0.0433249878917503,553,0.224534339620265,0.0360220598417957,553,0.0706299432223854,0.00943535179530313,553,0.0293016391154304,0.00432587886648847,553,0.873670120171408,0.016018301862701,553,0.509269806771186,0.058121884341416,553,0.76172624574386,0.0371532007959509,553,0.614671547716046,0.0440929380075349,553,0.758191932227352,0.0216682108555561,553,0.327243727509193,0.0570059722360809,553,2.41678237607477,0.100551856666664,553,0.426006593214656,0.0695458067262398,553
"P045",0.0139356590308657,0.00278779857883027,250,0.0311784301516703,0.00593566322053262,250,0.015839432125382,0.00309659215223157,250,0.0580093477999043,0.00818586285426707,250,0.170676515722,0.0220558596708,250,0.201602421982702,0.0255857774312598,250,0.21551254979675,0.031289181454904,250,0.222449923228424,0.0261692124725158,250,0.0711359223150996,0.00590082614617722,250,0.0305710168974555,0.00280923331552095,250,0.86328947811255,0.0178672804606965,250,0.499990713181948,0.0381760818735802,250,0.749045361539792,0.0264210965381455,250,0.574819202043138,0.0279890539683881,250,0.748340391953279,0.0210128836272067,250,0.334188248506807,0.034604618771686,250,2.33054569554791,0.0892507976532669,250,0.412786592421843,0.0513835391449785,250
"P046",0.0157633726140392,0.00559006367959627,256,0.0310274543850223,0.00857756418018581,256,0.0188458509805266,0.00769453701946986,256,0.055181081914481,0.0118547502934713,256,0.150791349874762,0.0216332765908871,256,0.178084401841692,0.02392763365757,256,0.193757680023348,0.0336307098919643,256,0.199676649453991,0.0258861451859847,256,0.0741647798419406,0.0145846385969969,256,0.0345287955474515,0.00957074482878964,256,0.825508053437333,0.049533913681805,256,0.445199169569545,0.0675496409592194,256,0.698111115869112,0.0591651697470212,256,0.556763084820231,0.0487773191025395,256,0.726467594060908,0.0384891161693558,256,0.387563273651369,0.0745043494971089,256,2.18857400991074,0.151837966289458,256,0.3663715029987,0.0502026074644093,256
"P047",0.0231143986137384,0.015392551345978,325,0.0433103258956017,0.0165726965380319,325,0.0295999072425343,0.0255545191434121,325,0.0762202786302261,0.0261332783653487,325,0.177924336401263,0.041164777658969,325,0.205982520020823,0.0462263536082593,325,0.220800019921742,0.0554699022937549,325,0.229058243616837,0.0494372494314321,325,0.101707349564421,0.0485305998246829,325,0.0511138149378497,0.0351159068918841,325,0.769479341777016,0.148038164185831,325,0.370797155868169,0.174724014815326,325,0.62602991798952,0.17576598764389,325,0.486074684630934,0.1097515881291,325,0.67292087201416,0.0810626268294319,325,0.486432007944008,0.243162791643893,325,2.09988738066688,0.222621583586419,325,0.387627797229504,0.107746072084879,325
"P048",0.0155529127295686,0.00472000513698296,1414,0.0323390657534494,0.00967803386012391,1414,0.0176863748099292,0.00675368072262279,1414,0.0581442279110656,0.0167523529839404,1414,0.18844309218478,0.0471261861452151,1414,0.228250030132428,0.0565957072914376,1414,0.246574688488798,0.0673186294688106,1414,0.254061860356009,0.0623717249152179,1414,0.0794269567765227,0.0168344775797157,1414,0.0336539276608843,0.0083728419998992,1414,0.862561992793769,0.0528371828797427,1414,0.502736753205295,0.0774017718032683,1414,0.752191924254778,0.061900832563984,1414,0.615099666142644,0.0614545844288913,1414,0.765768970616975,0.0467698540023283,1414,0.334940620645849,0.0755511655255918,1414,2.38595696699568,0.179826895929811,1414,0.457292967490412,0.107602982214867,1414
"P049",0.0140155600164753,0.00730505425990954,1176,0.0285077432175098,0.0104135715925592,1176,0.0167806721118425,0.0104321528990439,1176,0.0519661212236546,0.0133957211411038,1176,0.164146370814123,0.0350394127625698,1176,0.199598029326438,0.0409371007193901,1176,0.213122612517306,0.0522438199672867,1176,0.221103037190545,0.0439962430051237,1176,0.077379919383312,0.0146684248862419,1176,0.0349520165371565,0.00962412031763426,1176,0.854914639204895,0.0798006817007,1176,0.4570588418656,0.096038429282307,1176,0.710328720721687,0.0845986846305024,1176,0.604109352807198,0.0716491003922527,1176,0.765479409306351,0.0629772235310359,1176,0.379082983641127,0.10457153584643,1176,2.24942476389573,0.183294064789164,1176,0.402967853923437,0.089641247072644,1176
"P050",0.0117726932721997,0.00521134686269726,445,0.024036381333378,0.011016232682754,445,0.0135802764527456,0.00714236342946245,445,0.0453384403512877,0.019497810540876,445,0.14612391107577,0.0611222919876417,445,0.178029432579547,0.0730026731971283,445,0.190983353142893,0.0848071220489319,445,0.197829116539428,0.0789205784343404,445,0.0743310579269306,0.0261422016017033,445,0.0322729954280429,0.0128066058707082,445,0.868565511752749,0.0381952996918935,445,0.421070842329828,0.105363331697778,445,0.698209425905463,0.0791165972909667,445,0.612368637846909,0.0686934609949576,445,0.779132882316449,0.0362772096256563,445,0.416065578815064,0.116965288501155,445,2.33680342419655,0.168890495040888,445,0.366314731988443,0.130874315772693,445
"P051",0.0132297982041109,0.00325615583366994,809,0.0309924788346113,0.00698165954603017,809,0.0151625562486033,0.00543893729951175,809,0.0591066733429482,0.0134542435148517,809,0.190537223276214,0.020127447041644,809,0.229557341773541,0.0230035000603178,809,0.24773164437319,0.0294476616280564,809,0.254173797339184,0.0250563896643806,809,0.0795679185230221,0.0170819656694425,809,0.0318844111628207,0.00961556837570473,809,0.885289535978928,0.0339430906455223,809,0.514790861162619,0.0663638580819669,809,0.772513665165985,0.053445963479984,809,0.61605137151532,0.0573000257169754,809,0.777921746425974,0.03749041905355,809,0.322829769274769,0.0623488458657044,809,2.53579875235262,0.17901974376896,809,0.468086482626781,0.0462100079804137,809
"P052",0.0430057630637492,0.0180039896872281,365,0.0594843593239357,0.0183764095855509,365,0.0596374343998724,0.0236327160823284,365,0.0998444649953306,0.0244950116463308,365,0.175852067460538,0.029856896992958,365,0.201503768428235,0.0332761248892997,365,0.224979412750442,0.0433620883523487,365,0.234084668202827,0.0388044299603564,365,0.203559738898118,0.056510999266377,365,0.121905396511229,0.0411785724685045,365,0.588410446187371,0.152045834718295,365,0.0618482145323031,0.159630498364696,365,0.310004167464383,0.179082266958815,365,0.387056457981586,0.110061103075141,365,0.584487687805724,0.115584948634038,365,0.91973462444754,0.271358782674516,365,1.72522011697802,0.202963177056561,365,0.325590210016941,0.0786694883133126,365
"P053",0.0303574757294451,0.00500473301582494,1335,0.047978050958908,0.00962540414083164,1335,0.0244601524081616,0.00479018034249271,1335,0.0753814442677602,0.0129060684375329,1335,0.207846558565233,0.0338515959777902,1335,0.242693121213222,0.0379842099464502,1335,0.252303604809378,0.0462163606623198,1335,0.260513317033787,0.0392775402689993,1335,0.0981058343910988,0.012751434192584,1335,0.0465850610631003,0.00639887986493257,1335,0.822443929789869,0.0227626718718296,1335,0.434998522445161,0.053157147583731,1335,0.684288156835093,0.0391425336079488,1335,0.537976812843274,0.0408056616659022,1335,0.680890390539504,0.023044830373056,1335,0.395683749030136,0.0527836718488765,1335,2.1100383345778,0.0885291531084791,1335,0.483987645796351,0.0760357843544538,1335
"P054",0.0324932201200268,0.00666956196443276,1416,0.0479642811710078,0.0112904090188415,1416,0.0254370497294585,0.00641787556595264,1416,0.0755151283741583,0.0160146235717162,1416,0.206901298037909,0.0419347701700851,1416,0.242132762279409,0.048133633009184,1416,0.249438993061636,0.0582985461660386,1416,0.260027009307381,0.0506300786140694,1416,0.098931139342952,0.0175623051653359,1416,0.0472812060213451,0.00901276978900089,1416,0.812604126900657,0.0343272401841737,1416,0.424330942887216,0.064762621213071,1416,0.675096406445906,0.0513681550302069,1416,0.530388779166761,0.0585053486935932,1416,0.674750460560499,0.0452970243666588,1416,0.407289700865615,0.068358454655217,1416,2.09864596896818,0.106144845181636,1416,0.479060486351439,0.0950442389389836,1416
"P055",0.0360518489979485,0.0106153221901948,437,0.0535638635391932,0.01488268530938,437,0.0270233141883476,0.00783779087756784,437,0.0806773140153429,0.0205738905488478,437,0.203106451386573,0.0457337295427517,437,0.230935856686344,0.0514289951486359,437,0.23802681624561,0.0615218726233069,437,0.246317047432935,0.0536449060633792,437,0.0931806116232487,0.0235565082079961,437,0.0441337248041208,0.0121430924511977,437,0.792552595527482,0.0470490401957598,437,0.431856680349361,0.0886382567413498,437,0.681734731817182,0.0703044605204405,437,0.48927902852704,0.074552976514723,437,0.628755461125241,0.0684479447425692,437,0.402399189644524,0.0923615479410116,437,2.12697299931979,0.135435428713265,437,0.461110521266521,0.0960337211463078,437
"P056",0.0385190628008031,0.0088796787797106,1221,0.0577944429144866,0.0146625941234844,1221,0.0281157678535337,0.00738845362753607,1221,0.0865406550156472,0.0222052884739272,1221,0.233093244470905,0.057074180603668,1221,0.271248340782435,0.06416706333911,1221,0.276894029121379,0.073209450860717,1221,0.288085466723439,0.0677203473881446,1221,0.0950152936271851,0.0221362738189291,1221,0.0433835565965477,0.0106101906327391,1221,0.813376873926797,0.0277645499313113,1221,0.482494253132659,0.0636311188502262,1221,0.724222931218015,0.0450416250686835,1221,0.520710733905112,0.0499531553982449,1221,0.651178561339781,0.042163932620656,1221,0.351730135191798,0.0616154236763451,1221,2.19791662439085,0.109315376111271,1221,0.531091188013239,0.113384824561894,1221
"P057",0.0238025791094491,0.00561836323810696,3597,0.0470480516946887,0.00816341599535005,3597,0.0260396420050501,0.00719742509078708,3597,0.0804215784865511,0.0141231943285404,3597,0.187104750932804,0.0262832471330586,3597,0.212432492699176,0.0297482299321564,3597,0.223477524522412,0.0348405463647706,3597,0.232220205313893,0.0322744013376932,3597,0.099956745511055,0.0267774337948446,3597,0.0477282362492479,0.0147137844514214,3597,0.790735619693282,0.0475996703725378,3597,0.386304252320407,0.0976207747898929,3597,0.64993630601557,0.0794085771389184,3597,0.469665046865819,0.058245208633365,3597,0.650821752841058,0.0433792031193875,3597,0.450107977007222,0.107518540286173,3597,2.12167569338043,0.125915749088652,3597,0.409486677705777,0.0574291614172792,3597
"P058",0.0322602269317534,0.00639467229124041,734,0.0590502181244747,0.0101415057177108,734,0.0288447984689786,0.00595803354602262,734,0.096719569522976,0.0145927186205783,734,0.268750719928205,0.0438035250123274,734,0.31322293344689,0.0514810979740907,734,0.325339450281533,0.0643218802112909,734,0.335966342081515,0.0537757648422887,734,0.119135077264559,0.0149913650458919,734,0.0556755112274707,0.00812297432702127,734,0.833695791519569,0.0355150029106071,734,0.455136134978352,0.0737456489137718,734,0.7002619993411,0.0598020079850255,734,0.535454248650674,0.0573079136867923,734,0.689283644391707,0.0350038443456289,734,0.378600218948866,0.0794590517281015,734,2.14811329818976,0.120262031880912,734,0.585366720651173,0.0983417680590044,734
"P059",0.02683113809098,0.00486242863438047,323,0.0522899848142963,0.00981236836562494,323,0.0250568172976115,0.00454862545951248,323,0.0880609189376846,0.0151629714818413,323,0.251601149497843,0.0471299020127714,323,0.292764413055856,0.05397380946293,323,0.303890546407374,0.0590572090028078,323,0.312656780090242,0.0557938457499753,323,0.111087991576017,0.012881366654972,323,0.0501519679209323,0.00556376593755061,323,0.845523854208743,0.0254031810540189,323,0.458291043415574,0.0496556627935257,323,0.711247895474467,0.0398504089628753,323,0.548097800242775,0.0360493723713864,323,0.705361802704748,0.0242476969967417,323,0.37319087284201,0.0478693802962859,323,2.21722412113473,0.111878913998605,323,0.553002007119403,0.0905205132889355,323
"P060",0.0233380704839164,0.00444719792967784,877,0.047670898065787,0.010036473852581,877,0.0236189453156299,0.00622208241848899,877,0.0799134757269936,0.0163189115490283,877,0.218623171382897,0.0393677122535956,877,0.252940957197737,0.0436286458203541,877,0.266915549495381,0.0522192326998448,877,0.272362773649331,0.0456962291284792,877,0.101706676595203,0.0161155894138007,877,0.0483445033551994,0.00917381691180055,877,0.836515897829261,0.0337323028035435,877,0.443273241648117,0.0624543475031836,877,0.689432844366046,0.0522052341300771,877,0.537715453774253,0.0441326831458047,877,0.696878330962928,0.0270301052650147,877,0.388372515898352,0.0640090712198188,877,2.11663063719558,0.115653674188742,877,0.490036321899472,0.0775832818439875,877
"P061",0.0210383317711853,0.00347303479800483,1041,0.0419368129561299,0.00716296611590401,1041,0.0226817771310016,0.00422829929129383,1041,0.0715034062479517,0.00945367716662385,1041,0.187046492682412,0.0241871202504135,1041,0.215290572173428,0.0283950970909779,1041,0.228511416460083,0.0375740659034015,1041,0.234697864701052,0.0297735200134334,1041,0.0877875269749797,0.0101953518148343,1041,0.0408069739669702,0.00600827045770511,1041,0.817824164465031,0.0300011813132255,1041,0.440335077490623,0.0571924803904538,1041,0.693359704868921,0.046187721010397,1041,0.519757855161916,0.0500407438432714,1041,0.688535367595094,0.0353685286758446,1041,0.390837949888477,0.0565116773729364,1041,2.16305851809353,0.121744491843319,1041,0.424602756287688,0.0610339943083834,1041
"P062",0.0196151420135335,0.00318127170873563,693,0.0361173101879704,0.00683610153981482,693,0.0208262508563023,0.0041663413675748,693,0.0626829055936117,0.00881245315852871,693,0.168278755850965,0.0269677793107271,693,0.197180997528032,0.032090680120647,693,0.211175170280958,0.0408376009691766,693,0.217889856242057,0.0334875518670679,693,0.0838401293004668,0.0078506489871437,693,0.0390466751677338,0.00456843016843524,693,0.818263714665229,0.0322805332112648,693,0.424196381666937,0.0597858907832582,693,0.682301510566535,0.0453205684857325,693,0.537654377957222,0.048070263290337,693,0.706696278427366,0.0304230510539881,693,0.406828513042616,0.0600103101078159,693,2.15525993716886,0.109891964601573,693,0.39796609349443,0.0671648157783277,693
"P063",0.0209517908576391,0.00428437068509947,766,0.033331080843469,0.00884420107540563,766,0.0196884939560675,0.0042795935185162,766,0.0559691003558462,0.0138804241314759,766,0.167754806317259,0.0344853231274131,766,0.205231586786867,0.0392530995314557,766,0.221525933443056,0.048332835636202,766,0.230565696907226,0.0430096657712384,766,0.0878365304618783,0.0174139162302313,766,0.0388454679576768,0.00867127460588733,766,0.835650583190853,0.023694415838766,766,0.428253402335601,0.0603527137187567,766,0.69923150052772,0.0435249013628706,766,0.596772612515842,0.0444902209724939,766,0.739661945747037,0.027774346120472,766,0.402643829222184,0.0621466472268866,766,2.27207120592887,0.0958629041091065,766,0.424006054150332,0.0785471227373934,766
"P064",0.0137911206801414,0.0021880380077302,188,0.0291870230749992,0.00491857168957064,188,0.0152847051627925,0.00259325119295332,188,0.0507535268053385,0.00634993788364503,188,0.157834947107485,0.0192820766431756,188,0.190454913870435,0.0233000605512051,188,0.200068604543896,0.0307675167453756,188,0.209988680457758,0.0248633468986469,188,0.0737282416312844,0.00674042016339337,188,0.0324182858134156,0.00339890065613359,188,0.857296274852625,0.0182346740712802,188,0.45686604381676,0.0439116608473629,188,0.718072474589688,0.0291284691629986,188,0.59273663090561,0.0318123733555461,188,0.745452041117726,0.0181098880525918,188,0.374130584612551,0.0425419409542369,188,2.2780611110783,0.0761481842104973,188,0.387450458742963,0.0522061239885088,188
"P065",0.0140260912076648,0.00696684634782015,2011,0.0285510871983955,0.0109982279088842,2011,0.016981789876839,0.010180956685646,2011,0.0524814484036421,0.0165530018814138,2011,0.161695430151116,0.0388952325513826,2011,0.195421511145955,0.0446534373083484,2011,0.208880327307942,0.0557091704835428,2011,0.216968811220824,0.0484908677938712,2011,0.0789275859115277,0.0198281751591486,2011,0.0359626884745018,0.0118862271650593,2011,0.851308799085759,0.0730072842096564,2011,0.441503917590615,0.100812560371163,2011,0.698910932652593,0.0852054006569848,2011,0.596230443375205,0.0723762731376705,2011,0.762049868632814,0.0571852260112008,2011,0.395006646531033,0.111050797770265,2011,2.23393617077291,0.176488182998627,2011,0.39426295498986,0.0914877413691139,2011
"P066",0.0167486387255079,0.00530356562135635,599,0.0324300363915709,0.00949014486439538,599,0.0200567615594739,0.00695318398100963,599,0.0592352327314628,0.0149652304671495,599,0.177041051984366,0.0366083823935942,599,0.210622157640055,0.0406791962569854,599,0.227219969359072,0.0560364510202484,599,0.235052078313801,0.0449257621129973,599,0.104641470932574,0.02196664415847,599,0.0469964589203168,0.0112651254875419,599,0.837853325836915,0.0421679779575343,599,0.362488058522654,0.0791468431620524,599,0.651678511507798,0.0647455621851147,599,0.583882931532922,0.058786448113467,599,0.75123149443127,0.0397133484728564,599,0.472802531628777,0.0908539337466129,599,2.24291748928319,0.151375564217845,599,0.420095565928775,0.0879222870787665,599
"P067",0.0149543394496611,0.00568080907763488,909,0.026967720835848,0.00959550381460483,909,0.0162175645929419,0.00786975984380858,909,0.0487766974257512,0.0130747305670035,909,0.153492949158088,0.0332092471558359,909,0.185912252391832,0.0401204211910206,909,0.207148734425552,0.0536192570921009,909,0.208195785250734,0.0437533461254173,909,0.0734548040715682,0.0212184608691171,909,0.0324357582020555,0.0125337791132886,909,0.855503884676453,0.0371350043952941,909,0.469720479946012,0.0830614125763075,909,0.725093382067375,0.0646155057001965,909,0.614569085472658,0.0544952903205399,909,0.770887081969199,0.0326269027136171,909,0.365012686623307,0.0850919524480541,909,2.29207813914574,0.13437941242078,909,0.396983423586299,0.0829889210577696,909
"P068",0.0173735855248252,0.00260038963614958,518,0.024675457729164,0.00478807708937295,518,0.0154818596867832,0.00317349819790113,518,0.0404238018677631,0.00628941695338091,518,0.119216779907134,0.0178742666404191,518,0.144787569916986,0.0210567242772714,518,0.155944113410437,0.0296220075933559,518,0.161947015718344,0.0229328016451675,518,0.0637692745628531,0.00713331604424589,518,0.0269678593073422,0.00358886313932672,518,0.817170465871134,0.0332920694533445,518,0.411839266005152,0.065116596394736,518,0.699301579962269,0.0491713775059482,518,0.583788070497753,0.0471845441729054,518,0.724712642839084,0.0349659660125339,518,0.420018849351409,0.0737925032802028,518,2.37227810540827,0.10683649958938,518,0.312605704069429,0.054249584807338,518
"P069",0.0152665341799268,0.00277050579510654,403,0.0236360442401219,0.00551891534256607,403,0.0154771279133503,0.00391960668898741,403,0.0409484846883115,0.00839733282254851,403,0.119315537196755,0.021688013934243,403,0.145074738213525,0.0251858019000327,403,0.157527713468451,0.0340605063590946,403,0.16352897039382,0.0284822093431644,403,0.0700120478246095,0.0146241267043952,403,0.0300775939331133,0.00745702972949059,403,0.820844835802105,0.0454438838886807,403,0.382558728329946,0.0740223125178579,403,0.678330006257321,0.0629944741571037,403,0.585794002673497,0.0580960747826589,403,0.739361009686937,0.0450667972329851,403,0.449546815699332,0.0902791452296318,403,2.34849755867935,0.136865863197256,403,0.311048246002119,0.0596241412781075,403
"P070",0.0155005450162879,0.00227607624610837,184,0.0255287169447115,0.00471118044753919,184,0.0157622834296727,0.00285988428924242,184,0.0456757092071476,0.00714175136134266,184,0.142118176416129,0.0176907311092842,184,0.175225652239854,0.0213147540953197,184,0.189753033822727,0.030533607809784,184,0.199181560656853,0.0232424621216179,184,0.0850090792536626,0.0114644115073828,184,0.0373791323978772,0.00627711566898381,184,0.845555980112203,0.0211095765697942,184,0.378304588287399,0.0584943220800195,184,0.668776327955132,0.0466119899352594,184,0.609986002358872,0.0385709457278629,184,0.762880237292365,0.0174526191003274,184,0.453874762681436,0.0639471892192793,184,2.28895626754331,0.107691235012208,184,0.371114115289139,0.0519713330896768,184
"P071",0.0157392753115525,0.00363482479771152,534,0.0280829712072797,0.00608653243993187,534,0.019106532076587,0.00516628221673333,534,0.0517577463390631,0.00857077701104557,534,0.138307476191368,0.021414155437328,534,0.163661434356765,0.0249957896367222,534,0.178128363487705,0.0340868263857102,534,0.185036027996181,0.027777390162833,534,0.0820837874071687,0.0132287375104973,534,0.0384712618225596,0.0081921038504184,534,0.80583260784587,0.0381711406416877,534,0.363921669162994,0.0730711883806406,534,0.641039492932944,0.0613028720413898,534,0.546384836261836,0.0460776003453157,534,0.727820686154468,0.0278444516010479,534,0.47076698632507,0.081493668050488,534,2.15321165535807,0.124073664850877,534,0.33684306005038,0.0571705511881008,534
"P072",0.0173330407205138,0.0151530748833688,267,0.0307321657403786,0.0145372240334813,267,0.019365931660957,0.0141628180937038,267,0.0525292408305526,0.0129223555958429,267,0.147799368351836,0.0329483147000741,267,0.175879103230902,0.0389496445999358,267,0.189985476649908,0.0530911549780539,267,0.193901309686171,0.0429567129732118,267,0.0827910270656295,0.0141959547598036,267,0.0387869767654894,0.01030171592623,267,0.806192150538906,0.157094693595204,267,0.376248987378271,0.125464667878051,267,0.644890543716745,0.139164495868539,267,0.554081270019471,0.127245354408478,267,0.714723270152859,0.142873475799902,267,0.463603585562913,0.176341328215266,267,2.15461998004205,0.24161893605394,267,0.357739026611627,0.106815093390075,267
"P073",0.0152722772855803,0.00382372819077458,1212,0.0268776890008658,0.00683326616549844,1212,0.0180062723296449,0.00512281376661348,1212,0.0494454670699586,0.0101335550678622,1212,0.130912280510807,0.0202559826283014,1212,0.1548053430485,0.0227732541199665,1212,0.167642838447151,0.0324450076397088,1212,0.173174423851182,0.025882526287319,1212,0.0803186916008834,0.015791744687146,1212,0.0383261349038954,0.00928930385820616,1212,0.80646522806352,0.0352218416884006,1212,0.349291300244886,0.0700621614329341,1212,0.625976997465071,0.058464835581097,1212,0.543146965744364,0.0499472458697564,1212,0.725352835027179,0.0297269848334562,1212,0.486375916811742,0.0814190890550242,1212,2.11292153413428,0.111054344373795,1212,0.32077724199778,0.0537392973101327,1212
"P074",0.0190542922465273,0.00440541506907823,159,0.0349073664479043,0.00778502145498004,159,0.0198061966671752,0.00431844112281813,159,0.062455543632417,0.0121640325967812,159,0.163280083958987,0.0262829437585707,159,0.191483642116991,0.0299940381208396,159,0.208356036814979,0.0368381442888345,159,0.213478624679333,0.032645279331196,159,0.0795142092715729,0.00982871072528229,159,0.035513039358399,0.00506762289252474,159,0.825172315860069,0.0271272226264625,159,0.442446847688405,0.0453166547083719,159,0.704818978784329,0.0343914603314205,159,0.537745123325624,0.0412937447040496,159,0.713576708004744,0.0305522149906976,159,0.387981859869698,0.0442548583689472,159,2.24319913749757,0.10538202037927,159,0.396289554265371,0.0613075552134901,159
"P075",0.0154603999670369,0.00230400677393276,160,0.0352455912045752,0.00530616021489331,160,0.0171778739490189,0.00301590549930867,160,0.0635063087737261,0.00916964184593247,160,0.214031948930642,0.0339034683705194,160,0.257158524764424,0.0419682100008707,160,0.284611880603731,0.0508135574451532,160,0.28737467850103,0.0462275129327272,160,0.0937531808335203,0.0133176016295535,160,0.038041322765597,0.0050508870357459,160,0.885256964573286,0.0164007896771802,160,0.501247257526896,0.0499503513669687,160,0.761386968538332,0.0339829332825576,160,0.632395055239292,0.037641979750086,160,0.777959408316141,0.0239970122294708,160,0.333416468711355,0.0462777675289977,160,2.46368545009761,0.111368706796966,160,0.523295995834226,0.0767949458720591,160
"P076",0.0161673990284094,0.00501715820083639,2146,0.0352563481442712,0.00961552366490253,2146,0.0177449290242779,0.00771741410703047,2146,0.0618495992308324,0.0177154603151404,2146,0.201391996682938,0.0435686966338607,2146,0.242638540928921,0.0511602473333154,2146,0.264158529999778,0.0597038454633227,2146,0.269965178645029,0.056578829065217,2146,0.0940412746857921,0.0298644776078783,2146,0.0392585005724746,0.0157043633135245,2146,0.874532789073336,0.0412627144310665,2146,0.476189848966898,0.0891780635285284,2146,0.741675698625758,0.0728084009873872,2146,0.620470313293438,0.0594772238929343,2146,0.764539585526859,0.0347360103616777,2146,0.360059219355908,0.0913031540372813,2146,2.44638689850326,0.18813699016457,2146,0.489218387375528,0.0882558412906753,2146
"P077",0.0180574686182464,0.00656867583640744,426,0.0371847086377027,0.0126716586615161,426,0.0187772085713474,0.00972964861122549,426,0.0638511368532782,0.0213995591186177,426,0.206953474818168,0.0625231878113932,426,0.249406245366231,0.0750017585700549,426,0.266979256911873,0.0875175108216813,426,0.276771327975409,0.0813594578864225,426,0.0965139521102352,0.033294000514368,426,0.041707737632371,0.0192587980516231,426,0.868856323839457,0.0450978391838957,426,0.46012661619456,0.0914890249311141,426,0.724962362630466,0.078878149401872,426,0.610104015572787,0.0577707077717354,426,0.755023843697035,0.0322590457352407,426,0.374752933646964,0.102015610837411,426,2.35421175637993,0.171557235270301,426,0.490539562281537,0.127598507641247,426
"P078",0.0219599256030222,0.0100592768633152,752,0.0372581831523512,0.0160349159005085,752,0.0215571368713217,0.00976992895900515,752,0.063871256625272,0.0218692694881754,752,0.184289596788812,0.0485062329074134,752,0.222512630698746,0.0561117518147446,752,0.233990864341142,0.0660810013006895,752,0.247501597863924,0.0599943024539803,752,0.10241437280918,0.0260765303167165,752,0.046054261425938,0.0141296008137441,752,0.833063768420569,0.0521929720448893,752,0.384590612982914,0.0791404248488356,752,0.667406062997966,0.0649299066458081,752,0.571105937203603,0.0667316577168276,752,0.730559602064695,0.056528998376689,752,0.449519255276775,0.0907595655202523,752,2.25196177176882,0.147350474810263,752,0.43872694642295,0.102452562856223,752
"P079",0.0130026652380187,0.00373458444352892,1831,0.0256769236276206,0.00810234961902115,1831,0.0145539457611849,0.0044157870214979,1831,0.0471019402628609,0.0124217169451324,1831,0.137981782758375,0.0271206839840932,1831,0.164684434824602,0.029968603632736,1831,0.176987410211649,0.0378348289164551,1831,0.183409176445103,0.0329460073890092,1831,0.0745633442008282,0.0132121280478363,1831,0.0324372671188889,0.00722233559211876,1831,0.849478354684768,0.0239492593339924,1831,0.402536358169002,0.0599670735731134,1831,0.688065695467974,0.0449257123304691,1831,0.580602787495452,0.0453173536470549,1831,0.750386779981573,0.0292945903847457,1831,0.428653981150044,0.0638460561357675,1831,2.32139246237702,0.123062197147625,1831,0.346192561994658,0.0615850020239171,1831
"P080",0.0129942598690513,0.00177026128357351,358,0.0243691928792314,0.00395484780887476,358,0.0139080350787249,0.00211625154134809,358,0.045584873908034,0.00571549344627871,358,0.152656967797386,0.0173788210485943,358,0.188435227109438,0.0205108386770506,358,0.204344542762284,0.0289360854393858,358,0.208855369168767,0.0225783446589365,358,0.0762574434433917,0.00693047489236397,358,0.0318713736240578,0.00355496402184075,358,0.872188918279363,0.0108533252063151,358,0.452765330449579,0.0428232414171969,358,0.727687052683457,0.0280980109698157,358,0.63348850488935,0.0267462181797705,358,0.786994397392478,0.0116232675544717,358,0.377949392354805,0.0422634023996782,358,2.39626136276936,0.070777556750081,358,0.39893501260067,0.0474569142179532,358
"P081",0.0135374678595052,0.00331458049682407,547,0.0350043364485326,0.00728885820345975,547,0.0181178285015372,0.00500407394208041,547,0.0698052942694868,0.0121877539407978,547,0.225362055197877,0.0261626199894002,547,0.271294713947012,0.0305413321779044,547,0.302343023094098,0.0398129389970897,547,0.304112343022826,0.0332173216492491,547,0.0925299848547127,0.0155627203927892,547,0.0385478212861916,0.00931097285932338,547,0.886674829745125,0.0299037203024729,547,0.530665660562091,0.0598888847819738,547,0.773210573181403,0.0497971287382163,547,0.624140747854968,0.0515297834441599,547,0.792467107669274,0.0352303166514363,547,0.308667625993533,0.0548089915739797,547,2.43168853445022,0.154747553442851,547,0.541153963045953,0.0588881842326999,547
"P082",0.0233197262845627,0.0202649461430488,1224,0.0351652404256771,0.0231254641795988,1224,0.0251039689628894,0.023695775818048,1224,0.0563874285285464,0.0230018213380911,1224,0.145042544597396,0.0372306980192119,1224,0.173081760320055,0.0426051966692808,1224,0.185054493884449,0.0573527497140936,1224,0.192754562130472,0.0462071004076055,1224,0.0851792615469745,0.0249088621671989,1224,0.0425521237416401,0.0203971734972434,1224,0.768413347496889,0.153322657502607,1224,0.356688218422614,0.132505432873731,1224,0.618610905348935,0.140514947264158,1224,0.527451426481401,0.132273943006367,1224,0.686246668419855,0.13575786406864,1224,0.491548745954656,0.181865228832496,1224,2.09566500616043,0.247497485198612,1224,0.339607487662669,0.107721492306433,1224
"P083",0.0174073850127915,0.00770336328717558,576,0.0358988162051458,0.0123944755278348,576,0.0210896379046963,0.0109701319984907,576,0.0681313761090953,0.0190060328781802,576,0.211720654590187,0.0426330308656589,576,0.257871169799044,0.04989512316842,576,0.28153678034419,0.0642441044317007,576,0.288436040496474,0.053724689161769,576,0.10449166030906,0.0259583337323901,576,0.0470176728415119,0.0156624657288048,576,0.861765193503826,0.0534938821002972,576,0.454836464490312,0.0846451684236793,576,0.711140150546898,0.0725195980193956,576,0.609167307922616,0.0606840747015186,576,0.775650578329148,0.0433822360219681,576,0.379797375934868,0.0896701472963179,576,2.2576794233843,0.147194847491899,576,0.50552630741689,0.0932613200717787,576
"P084",0.0176318884458128,0.0108006311206488,3708,0.0319085310843104,0.0157459963004803,3708,0.0226193224117115,0.01388765915851,3708,0.0594511214013971,0.0270514281508397,3708,0.162843961060567,0.0484201255784823,3708,0.197549181943517,0.0561329542628404,3708,0.212974898419004,0.0683653330592528,3708,0.223131503708077,0.0638243082813671,3708,0.107712329831563,0.0492697455355427,3708,0.0513559188859708,0.0277515491427698,3708,0.810234217837859,0.0916493546003269,3708,0.337719996406161,0.125955173735556,3708,0.618984805966407,0.120822380162563,3708,0.569135531251929,0.0994467970930642,3708,0.743114182972455,0.0869164997654032,3708,0.509799487613282,0.161804046474296,3708,2.17159690798541,0.205722355807879,3708,0.385274459213573,0.105883434616716,3708
