capture_year,severity,severity_code,host,host_code,area_ha,lidar_tiles,lidar_years,nearest_lidar_year,year_offset,lon,lat,on_vancouver_island
2012,Trace,T,True fir unspecified,B,144.9,19,2016;2017;2025,2016,4,-122.43603,49.25596,False
2007,Light,L,not recorded,,103.0,9,2020;2024,2020,13,-125.56686,50.47972,True
2020,Trace,T,Pacific silver fir,BA,82.6,9,2019;2023,2019,1,-127.74381,50.57475,True
2007,Moderate,M,not recorded,,185.0,8,2019;2024,2019,12,-125.72967,50.3912,True
2020,Trace,T,Pacific silver fir,BA,77.4,8,2019;2024;2025,2019,1,-125.85853,50.23438,True
2019,Trace,T,Pacific silver fir,BA,62.1,7,2019;2023,2019,0,-127.76623,50.78917,True
2007,Light,L,not recorded,,119.0,6,2024,2024,17,-125.46395,50.39737,True
2021,Light,L,Pacific silver fir,BA,54.3,6,2016;2025,2025,4,-122.72595,49.32106,False
2021,Light,L,Pacific silver fir,BA,102.5,6,2019,2019,2,-125.17349,49.15497,True
2020,Trace,T,Pacific silver fir,BA,48.9,6,2019;2023,2019,1,-127.70563,50.57692,True
2020,Trace,T,Pacific silver fir,BA,211.6,5,2019;2025,2019,1,-125.8435,50.21295,True
2021,Trace,T,Pacific silver fir,BA,55.4,5,2019;2023,2019,2,-127.74239,50.56885,True
2007,Light,L,not recorded,,111.0,4,2024,2024,17,-124.94771,50.15938,True
2007,Light,L,not recorded,,84.0,4,2020,2020,13,-124.13155,50.52063,True
2012,Light,L,True fir unspecified,B,5.3,4,2019;2023,2019,7,-124.84777,48.79606,True
2015,Light,L,not recorded,,34.8,4,2018,2018,3,-117.80083,49.20237,False
2019,Light,L,Pacific silver fir,BA,20.4,4,2024,2024,5,-125.65022,50.411,True
2020,Trace,T,Pacific silver fir,BA,113.4,4,2019;2025,2019,1,-125.86975,50.2282,True
2019,Trace,T,Pacific silver fir,BA,39.7,4,2019;2023,2019,0,-127.82992,50.55663,True
2021,Trace,T,Pacific silver fir,BA,50.3,4,2018,2018,3,-122.19551,49.62649,False
2014,Light,L,True fir unspecified,B,50.7,3,2016;2021;2023,2016,2,-122.13761,49.12107,False
2012,Trace,T,True fir unspecified,B,2.9,3,2016;2017;2023,2016,4,-121.81596,49.28532,False
2012,Trace,T,True fir unspecified,B,9.7,3,2016;2017;2023,2016,4,-121.8336,49.28086,False
2020,Trace,T,Pacific silver fir,BA,112.6,3,2019,2019,1,-125.92038,50.24006,True
2019,Trace,T,Pacific silver fir,BA,17.6,3,2019;2023,2019,0,-127.89328,50.56579,True
2019,Trace,T,Pacific silver fir,BA,7.5,3,2019;2023,2019,0,-127.7264,50.55424,True
2019,Trace,T,Pacific silver fir,BA,33.4,3,2019;2023,2019,0,-127.74202,50.56689,True
2019,Trace,T,Pacific silver fir,BA,13.1,3,2019;2023,2019,0,-127.70803,50.5725,True
2019,Trace,T,Pacific silver fir,BA,96.5,3,2019,2019,0,-126.0847,50.42717,True
2013,Light,L,True fir unspecified,B,16.6,2,2016,2016,3,-121.53039,49.15195,False
2007,Light,L,not recorded,,35.0,2,2023;2024,2023,16,-124.93249,50.13994,True
2012,Light,L,True fir unspecified,B,31.8,2,2019,2019,7,-126.01739,49.36646,True
2007,Light,L,not recorded,,9.0,2,2023,2023,16,-124.90116,50.09149,True
2008,Light,L,Grand fir,BG,1.7,2,2023,2023,15,-124.97494,50.05888,True
2019,Light,L,Pacific silver fir,BA,36.5,2,2019,2019,0,-125.86691,50.37559,True
2019,Light,L,Pacific silver fir,BA,35.3,2,2024,2024,5,-125.63213,50.41892,True
2007,Moderate,M,not recorded,,6.0,2,2024,2024,17,-125.55189,50.40975,True
2007,Severe,S,not recorded,,11.0,2,2024,2024,17,-125.50776,50.41358,True
2007,Severe,S,not recorded,,11.0,2,2024,2024,17,-125.65388,50.39469,True
2012,Trace,T,True fir unspecified,B,38.7,2,2016;2025,2016,4,-122.4404,49.24429,False
2012,Trace,T,True fir unspecified,B,16.3,2,2016;2017,2016,4,-121.86566,49.26968,False
2020,Trace,T,Pacific silver fir,BA,377.7,2,2025,2025,5,-125.82523,50.15766,True
2020,Trace,T,Pacific silver fir,BA,11.6,2,2019,2019,1,-127.84695,50.43945,True
2020,Trace,T,Pacific silver fir,BA,15.6,2,2019,2019,1,-127.64025,50.61207,True
2020,Trace,T,Pacific silver fir,BA,35.2,2,2025,2025,5,-125.71107,50.07411,True
2020,Trace,T,Pacific silver fir,BA,27.4,2,2024,2024,4,-125.76539,50.15062,True
2019,Trace,T,Pacific silver fir,BA,18.3,2,2019,2019,0,-127.86591,50.44823,True
2019,Trace,T,Pacific silver fir,BA,19.6,2,2019,2019,0,-126.7353,50.51312,True
2019,Trace,T,Pacific silver fir,BA,15.7,2,2019;2023,2019,0,-127.87087,50.53395,True
2019,Trace,T,Pacific silver fir,BA,7.6,2,2023,2023,4,-127.76232,50.55011,True
2019,Trace,T,Pacific silver fir,BA,22.5,2,2019,2019,0,-127.63641,50.60977,True
2019,Trace,T,Pacific silver fir,BA,12.9,2,2019,2019,0,-125.87396,50.37067,True
2019,Trace,T,Pacific silver fir,BA,34.1,2,2019,2019,0,-126.05348,50.41827,True
2019,Trace,T,Pacific silver fir,BA,20.5,2,2019,2019,0,-126.06296,50.43574,True
2019,Trace,T,Pacific silver fir,BA,9.4,2,2019,2019,0,-126.07325,50.43918,True
2019,Trace,T,Pacific silver fir,BA,28.8,2,2019,2019,0,-126.55328,50.46915,True
2021,Trace,T,Pacific silver fir,BA,16.7,2,2018,2018,3,-122.22733,49.61788,False
2021,Trace,T,Pacific silver fir,BA,17.0,2,2019;2023,2019,2,-127.78357,50.58215,True
2024,Trace,T,Pacific silver fir,BA,22.3,2,2019,2019,5,-126.04898,49.48316,True
2024,Trace,T,Pacific silver fir,BA,51.6,2,2019,2019,5,-126.11024,49.48995,True
2013,Light,L,True fir unspecified,B,7.4,1,2016,2016,3,-121.55828,49.14182,False
2012,Light,L,True fir unspecified,B,19.3,1,2019,2019,7,-121.56398,49.28232,False
2007,Light,L,not recorded,,10.0,1,2024,2024,17,-125.58639,50.4548,True
2007,Light,L,not recorded,,15.0,1,2020,2020,13,-124.20776,50.4939,True
2007,Light,L,not recorded,,3.0,1,2024,2024,17,-124.95607,50.18351,True
2020,Light,L,Pacific silver fir,BA,9.4,1,2019,2019,1,-125.95336,50.24719,True
2019,Light,L,Pacific silver fir,BA,39.0,1,2019,2019,0,-125.88335,50.37881,True
2021,Light,L,Pacific silver fir,BA,19.5,1,2020,2020,1,-124.16041,50.63422,True
2021,Light,L,Pacific silver fir,BA,8.0,1,2020,2020,1,-124.30232,50.58651,True
2007,Moderate,M,not recorded,,1.0,1,2023,2023,16,-124.95894,50.13589,True
2007,Moderate,M,not recorded,,6.0,1,2024,2024,17,-125.36741,50.40383,True
2014,Moderate,M,True fir unspecified,B,5.5,1,2016,2016,2,-121.68753,49.02789,False
2007,Severe,S,not recorded,,18.0,1,2023,2023,16,-125.29448,50.39048,True
2008,Severe,S,Grand fir,BG,4.1,1,2023,2023,15,-125.02827,50.12461,True
2012,Trace,T,True fir unspecified,B,2.6,1,2016,2016,4,-122.19613,49.19915,False
2020,Trace,T,Pacific silver fir,BA,7.1,1,2019,2019,1,-127.73986,50.41466,True
2020,Trace,T,Pacific silver fir,BA,7.1,1,2019,2019,1,-127.79387,50.43117,True
2020,Trace,T,Pacific silver fir,BA,6.3,1,2019,2019,1,-127.85501,50.44275,True
2020,Trace,T,Pacific silver fir,BA,31.6,1,2024,2024,4,-125.6822,50.13044,True
2020,Trace,T,Pacific silver fir,BA,167.8,1,2025,2025,5,-125.79881,50.12173,True
2019,Trace,T,Pacific silver fir,BA,24.8,1,2019,2019,0,-127.89377,50.42911,True
2019,Trace,T,Pacific silver fir,BA,15.1,1,2019,2019,0,-126.76323,50.51858,True
2019,Trace,T,Pacific silver fir,BA,9.8,1,2023,2023,4,-127.75852,50.55956,True
2019,Trace,T,Pacific silver fir,BA,10.6,1,2023,2023,4,-127.74151,50.78099,True
2019,Trace,T,Pacific silver fir,BA,54.3,1,2024,2024,5,-125.36062,50.33753,True
2019,Trace,T,Pacific silver fir,BA,24.5,1,2019,2019,0,-126.08872,50.44364,True
2019,Trace,T,Pacific silver fir,BA,20.2,1,2019,2019,0,-126.56408,50.47929,True
2019,Trace,T,Pacific silver fir,BA,5.7,1,2019,2019,0,-126.95859,50.34445,True
2021,Trace,T,Pacific silver fir,BA,44.0,1,2018,2018,3,-122.79565,49.6084,False
2012,Light,L,True fir unspecified,B,10.1,0,,,,-121.13445,49.5453,False
2012,Light,L,True fir unspecified,B,14.0,0,,,,-121.12168,49.52842,False
2012,Light,L,True fir unspecified,B,7.8,0,,,,-125.72078,49.67465,True
2012,Light,L,True fir unspecified,B,6.3,0,,,,-126.67779,51.20202,False
2012,Light,L,True fir unspecified,B,4.4,0,,,,-121.16279,49.51921,False
2012,Light,L,True fir unspecified,B,47.8,0,,,,-127.21899,51.52031,False
2007,Light,L,not recorded,,77.0,0,,,,-125.52174,50.53698,True
2012,Light,L,True fir unspecified,B,5.3,0,,,,-125.517,49.39583,True
2012,Light,L,True fir unspecified,B,12.0,0,,,,-122.40367,50.2974,False
2013,Light,L,True fir unspecified,B,6.4,0,,,,-124.65241,50.44194,True
2013,Light,L,True fir unspecified,B,9.1,0,,,,-124.66922,50.47044,True
2013,Light,L,True fir unspecified,B,9.0,0,,,,-124.6707,50.47709,True
2013,Light,L,True fir unspecified,B,8.1,0,,,,-124.72171,50.49605,True
2013,Light,L,True fir unspecified,B,7.9,0,,,,-125.72244,49.49934,True
2013,Light,L,True fir unspecified,B,11.7,0,,,,-125.73526,49.49924,True
2014,Light,L,True fir unspecified,B,15.4,0,,,,-121.77284,49.5579,False
2014,Light,L,True fir unspecified,B,19.6,0,,,,-121.77133,49.56618,False
2015,Light,L,Pacific silver fir,BA,18.6,0,,,,-127.5255,50.18128,True
2015,Light,L,Pacific silver fir,BA,10.3,0,,,,-127.52051,50.17746,True
2017,Light,L,Pacific silver fir,BA,23.5,0,,,,-125.71686,50.9489,True
2018,Light,L,Pacific silver fir,BA,34.6,0,,,,-126.4437,49.99734,True
2020,Light,L,Pacific silver fir,BA,3.5,0,,,,-120.1466,50.77428,False
2020,Light,L,Pacific silver fir,BA,2.1,0,,,,-120.14984,50.77762,False
2020,Light,L,Pacific silver fir,BA,1.7,0,,,,-120.1468,50.77774,False
2020,Light,L,Pacific silver fir,BA,2.3,0,,,,-120.14389,50.77756,False
2019,Light,L,Pacific silver fir,BA,8.4,0,,,,-121.00462,49.58662,False
2019,Light,L,Pacific silver fir,BA,52.6,0,,,,-121.26585,49.90229,False
2019,Light,L,Pacific silver fir,BA,3.4,0,,,,-120.15453,50.77472,False
2019,Light,L,Pacific silver fir,BA,1.6,0,,,,-120.15183,50.77758,False
2019,Light,L,Pacific silver fir,BA,17.3,0,,,,-124.82251,50.46667,True
2021,Light,L,Pacific silver fir,BA,14.2,0,,,,-124.4627,50.61779,True
2021,Light,L,Pacific silver fir,BA,6.4,0,,,,-124.45856,50.61962,True
2021,Light,L,Pacific silver fir,BA,4.7,0,,,,-122.93042,49.98492,False
2021,Light,L,Pacific silver fir,BA,10.5,0,,,,-123.69563,50.26939,True
2021,Light,L,Pacific silver fir,BA,8.1,0,,,,-123.35143,50.26218,True
2021,Light,L,Pacific silver fir,BA,7.8,0,,,,-123.70293,50.27372,True
2021,Light,L,Pacific silver fir,BA,9.7,0,,,,-123.7098,50.27891,True
2021,Light,L,Pacific silver fir,BA,5.1,0,,,,-123.71125,50.41764,True
2021,Light,L,Pacific silver fir,BA,23.8,0,,,,-126.56444,50.40561,True
2021,Light,L,Pacific silver fir,BA,4.7,0,,,,-125.4968,50.68186,True
2021,Light,L,Pacific silver fir,BA,43.6,0,,,,-125.3746,50.85556,True
2021,Light,L,Pacific silver fir,BA,17.5,0,,,,-125.67641,50.92061,True
2021,Light,L,Pacific silver fir,BA,5.2,0,,,,-127.23947,52.00128,False
2021,Light,L,Pacific silver fir,BA,10.4,0,,,,-124.50819,50.55835,True
2021,Light,L,Pacific silver fir,BA,5.0,0,,,,-124.46839,50.57282,True
2021,Light,L,Pacific silver fir,BA,10.6,0,,,,-124.48489,50.61015,True
2021,Light,L,Pacific silver fir,BA,6.8,0,,,,-124.50179,50.61661,True
2021,Light,L,Pacific silver fir,BA,5.0,0,,,,-124.50763,50.61931,True
2021,Light,L,Pacific silver fir,BA,20.1,0,,,,-124.52169,50.61879,True
2022,Light,L,Pacific silver fir,BA,7.2,0,,,,-125.434,50.85039,True
2022,Light,L,Pacific silver fir,BA,5.8,0,,,,-125.43471,50.84514,True
2023,Light,L,not recorded,,3.8,0,,,,-125.75172,49.93417,True
2023,Light,L,not recorded,,4.1,0,,,,-125.74851,49.94559,True
2023,Light,L,Pacific silver fir,BA,6.5,0,,,,-125.44017,50.8538,True
2021,Light,L,Pacific silver fir,BA,3.5,0,,,,-124.465,50.5755,True
2021,Light,L,Pacific silver fir,BA,10.6,0,,,,-124.50962,50.61816,True
2007,Moderate,M,not recorded,,24.0,0,,,,-125.5357,50.56641,True
2007,Moderate,M,not recorded,,10.0,0,,,,-125.00411,50.22937,True
2007,Moderate,M,not recorded,,10.0,0,,,,-125.46747,50.69954,True
2019,Moderate,M,Pacific silver fir,BA,21.3,0,,,,-125.19193,50.46903,True
2021,Moderate,M,Pacific silver fir,BA,18.7,0,,,,-124.82891,50.43568,True
2021,Moderate,M,Pacific silver fir,BA,8.4,0,,,,-121.29355,49.8967,False
2021,Moderate,M,Pacific silver fir,BA,4.3,0,,,,-125.61946,50.63325,True
2021,Moderate,M,Pacific silver fir,BA,7.7,0,,,,-127.55557,52.41128,False
2022,Moderate,M,Pacific silver fir,BA,23.8,0,,,,-125.70819,50.92018,True
1996,Severe,S,not recorded,,17.9,0,,,,-123.54416,49.47882,True
2021,Severe,S,Pacific silver fir,BA,19.1,0,,,,-125.16826,50.59114,True
2022,Severe,S,Pacific silver fir,BA,8.3,0,,,,-125.40671,50.85521,True
2022,Severe,S,Pacific silver fir,BA,11.3,0,,,,-125.39244,50.85558,True
2022,Severe,S,Pacific silver fir,BA,11.5,0,,,,-125.3787,50.85744,True
2022,Severe,S,Pacific silver fir,BA,11.1,0,,,,-125.44286,50.83922,True
2022,Severe,S,Pacific silver fir,BA,21.8,0,,,,-124.47252,50.54753,True
2012,Trace,T,True fir unspecified,B,8.7,0,,,,-123.15495,49.39904,False
2012,Trace,T,True fir unspecified,B,19.7,0,,,,-121.77503,49.55784,False
2012,Trace,T,True fir unspecified,B,5.9,0,,,,-121.77719,49.56321,False
2013,Trace,T,True fir unspecified,B,6.8,0,,,,-124.69159,50.50451,True
2020,Trace,T,Pacific silver fir,BA,2.1,0,,,,-123.04051,49.45808,False
2020,Trace,T,Pacific silver fir,BA,1.2,0,,,,-123.04606,49.46023,False
2020,Trace,T,Pacific silver fir,BA,10.9,0,,,,-122.79639,49.48102,False
2020,Trace,T,Pacific silver fir,BA,7.3,0,,,,-123.1243,49.53716,False
2020,Trace,T,Pacific silver fir,BA,1.9,0,,,,-123.10693,49.54056,False
2020,Trace,T,Pacific silver fir,BA,3.0,0,,,,-123.06314,49.50615,False
2020,Trace,T,Pacific silver fir,BA,5.4,0,,,,-123.05749,49.51439,False
2020,Trace,T,Pacific silver fir,BA,3.5,0,,,,-123.06646,49.51947,False
2020,Trace,T,Pacific silver fir,BA,1.6,0,,,,-123.13345,49.53504,False
2015,Trace,T,Pacific silver fir,BA,4.7,0,,,,-125.44352,50.90106,True
2015,Trace,T,Pacific silver fir,BA,30.4,0,,,,-124.57162,49.2008,True
2015,Trace,T,Pacific silver fir,BA,58.7,0,,,,-125.4668,50.89029,True
2015,Trace,T,Pacific silver fir,BA,25.6,0,,,,-125.47558,50.88901,True
2015,Trace,T,Pacific silver fir,BA,22.9,0,,,,-124.99882,50.64029,True
2015,Trace,T,Pacific silver fir,BA,87.9,0,,,,-125.7828,50.85793,True
2017,Trace,T,not recorded,,35.6,0,,,,-125.47645,50.88907,True
2017,Trace,T,not recorded,,59.6,0,,,,-125.46743,50.89049,True
2017,Trace,T,Pacific silver fir,BA,4.1,0,,,,-127.04909,51.04838,True
2017,Trace,T,Pacific silver fir,BA,40.7,0,,,,-127.36039,51.71334,False
2016,Trace,T,Pacific silver fir,BA,25.6,0,,,,-125.47558,50.88901,True
2016,Trace,T,Pacific silver fir,BA,58.7,0,,,,-125.4668,50.89029,True
2020,Trace,T,Pacific silver fir,BA,460.2,0,,,,-125.94795,50.14467,True
2020,Trace,T,Pacific silver fir,BA,282.8,0,,,,-126.46646,50.34521,True
2020,Trace,T,Pacific silver fir,BA,241.4,0,,,,-125.71243,49.68101,True
2020,Trace,T,Pacific silver fir,BA,97.2,0,,,,-125.7386,49.71974,True
2020,Trace,T,Pacific silver fir,BA,119.6,0,,,,-125.71266,49.71902,True
2020,Trace,T,Pacific silver fir,BA,155.8,0,,,,-125.67265,49.75917,True
2020,Trace,T,Pacific silver fir,BA,138.4,0,,,,-125.66542,49.80309,True
2020,Trace,T,Pacific silver fir,BA,210.3,0,,,,-125.85681,50.10866,True
2020,Trace,T,Pacific silver fir,BA,79.0,0,,,,-127.55218,50.2091,True
2020,Trace,T,Pacific silver fir,BA,57.9,0,,,,-127.17509,50.22955,True
2020,Trace,T,Pacific silver fir,BA,36.6,0,,,,-127.596,50.23855,True
2020,Trace,T,Pacific silver fir,BA,48.1,0,,,,-127.52235,50.2674,True
2020,Trace,T,Pacific silver fir,BA,7.2,0,,,,-127.483,50.21924,True
2020,Trace,T,Pacific silver fir,BA,13.8,0,,,,-127.5016,50.22736,True
2020,Trace,T,Pacific silver fir,BA,17.8,0,,,,-127.50932,50.22786,True
2020,Trace,T,Pacific silver fir,BA,46.4,0,,,,-127.65694,50.25775,True
2020,Trace,T,Pacific silver fir,BA,518.9,0,,,,-125.78822,49.80139,True
2020,Trace,T,Pacific silver fir,BA,303.3,0,,,,-125.88713,49.94911,True
2020,Trace,T,Pacific silver fir,BA,676.5,0,,,,-125.97077,50.09173,True
2020,Trace,T,Pacific silver fir,BA,215.4,0,,,,-125.99442,50.13,True
2020,Trace,T,Pacific silver fir,BA,5.2,0,,,,-123.05542,49.49875,False
2019,Trace,T,Pacific silver fir,BA,53.8,0,,,,-124.48574,50.29607,True
2019,Trace,T,Pacific silver fir,BA,18.4,0,,,,-124.48167,50.32936,True
2019,Trace,T,Pacific silver fir,BA,20.1,0,,,,-124.41602,50.38983,True
2019,Trace,T,Pacific silver fir,BA,11.3,0,,,,-125.12335,50.55319,True
2019,Trace,T,Pacific silver fir,BA,43.4,0,,,,-127.18937,50.17672,True
2019,Trace,T,Pacific silver fir,BA,12.7,0,,,,-127.41048,50.22942,True
2019,Trace,T,Pacific silver fir,BA,16.4,0,,,,-125.24687,50.81884,True
2019,Trace,T,Pacific silver fir,BA,27.6,0,,,,-127.166,50.05372,True
2019,Trace,T,Pacific silver fir,BA,57.4,0,,,,-127.15851,50.14628,True
2019,Trace,T,Pacific silver fir,BA,108.4,0,,,,-127.18313,50.1547,True
2019,Trace,T,Pacific silver fir,BA,33.0,0,,,,-127.55444,50.16335,True
2019,Trace,T,Pacific silver fir,BA,26.7,0,,,,-127.5632,50.16537,True
2019,Trace,T,Pacific silver fir,BA,6.2,0,,,,-127.10672,50.17423,True
2019,Trace,T,Pacific silver fir,BA,9.9,0,,,,-127.12365,50.18429,True
2019,Trace,T,Pacific silver fir,BA,11.4,0,,,,-127.11364,50.18815,True
2019,Trace,T,Pacific silver fir,BA,77.5,0,,,,-127.14058,50.18455,True
2019,Trace,T,Pacific silver fir,BA,100.2,0,,,,-127.58101,50.19617,True
2019,Trace,T,Pacific silver fir,BA,12.8,0,,,,-127.40316,50.20446,True
2019,Trace,T,Pacific silver fir,BA,42.7,0,,,,-127.42265,50.23824,True
2019,Trace,T,Pacific silver fir,BA,50.1,0,,,,-127.45532,50.25489,True
2019,Trace,T,Pacific silver fir,BA,36.8,0,,,,-125.58157,50.57357,True
2019,Trace,T,Pacific silver fir,BA,17.0,0,,,,-125.25353,50.61353,True
2019,Trace,T,Pacific silver fir,BA,4.8,0,,,,-125.25902,50.82047,True
2019,Trace,T,Pacific silver fir,BA,40.0,0,,,,-125.38242,50.91722,True
2019,Trace,T,Pacific silver fir,BA,30.1,0,,,,-126.69463,50.21126,True
2019,Trace,T,Pacific silver fir,BA,17.6,0,,,,-127.7156,50.24548,True
2019,Trace,T,Pacific silver fir,BA,5.8,0,,,,-126.54126,50.3303,True
2019,Trace,T,Pacific silver fir,BA,26.9,0,,,,-127.81982,50.32722,True
2021,Trace,T,Pacific silver fir,BA,14.5,0,,,,-124.46856,50.29801,True
2021,Trace,T,Pacific silver fir,BA,20.4,0,,,,-124.46782,50.32562,True
2021,Trace,T,Pacific silver fir,BA,20.3,0,,,,-124.82257,50.41566,True
2021,Trace,T,Pacific silver fir,BA,14.4,0,,,,-124.82122,50.42023,True
2021,Trace,T,Pacific silver fir,BA,43.3,0,,,,-122.74488,49.61009,False
2021,Trace,T,Pacific silver fir,BA,6.3,0,,,,-125.62789,50.64074,True
2021,Trace,T,Pacific silver fir,BA,18.7,0,,,,-125.41845,50.81605,True
2021,Trace,T,Pacific silver fir,BA,4.1,0,,,,-125.43544,50.83422,True
2021,Trace,T,Pacific silver fir,BA,11.2,0,,,,-125.43501,50.84028,True
2021,Trace,T,Pacific silver fir,BA,3.8,0,,,,-125.43095,50.84658,True
2021,Trace,T,Pacific silver fir,BA,10.3,0,,,,-125.39978,50.855,True
2021,Trace,T,Pacific silver fir,BA,19.6,0,,,,-125.36068,50.85898,True
2021,Trace,T,Pacific silver fir,BA,20.0,0,,,,-127.2418,50.39811,True
2021,Trace,T,Pacific silver fir,BA,23.9,0,,,,-125.70378,50.92162,True
2021,Trace,T,Pacific silver fir,BA,17.8,0,,,,-125.72077,50.94568,True
2021,Trace,T,Pacific silver fir,BA,41.2,0,,,,-125.71405,50.94484,True
2021,Trace,T,Pacific silver fir,BA,25.4,0,,,,-125.73222,50.95467,True
2021,Trace,T,Pacific silver fir,BA,26.5,0,,,,-125.9329,51.00274,True
2021,Trace,T,Pacific silver fir,BA,13.2,0,,,,-126.83278,51.25767,False
2021,Trace,T,Pacific silver fir,BA,6.3,0,,,,-126.61966,51.28775,False
2021,Trace,T,Pacific silver fir,BA,12.1,0,,,,-126.25054,51.36327,False
2021,Trace,T,Pacific silver fir,BA,7.8,0,,,,-126.60562,51.4901,False
2022,Trace,T,Pacific silver fir,BA,18.6,0,,,,-125.65838,49.62808,True
2022,Trace,T,Pacific silver fir,BA,3.9,0,,,,-127.18895,50.16274,True
2023,Trace,T,not recorded,,17.9,0,,,,-125.13669,49.2074,True
2023,Trace,T,not recorded,,9.2,0,,,,-125.15508,49.21333,True
2023,Trace,T,not recorded,,5.5,0,,,,-125.14723,49.21447,True
2023,Trace,T,not recorded,,18.4,0,,,,-125.16863,49.22294,True
2023,Trace,T,not recorded,,7.5,0,,,,-125.18726,49.22645,True
2023,Trace,T,not recorded,,8.2,0,,,,-125.19921,49.22698,True
2023,Trace,T,Pacific silver fir,BA,22.1,0,,,,-125.70167,49.34233,True
2021,Trace,T,Pacific silver fir,BA,117.0,0,,,,-125.95924,49.99048,True
